[
{
    "model": "core.component",
    "pk": 1,
    "fields": {
        "code": "ART",
        "label": "Facult\u00e9 des Arts",
        "mailing_list": "appli-immersion-test-art@unistra.fr",
        "active": true
    }
},
{
    "model": "core.component",
    "pk": 2,
    "fields": {
        "code": "MAI",
        "label": "UFR Math\u00e9matiques et Informatique",
        "mailing_list": "appli-immersion-test-mai@unistra.fr",
        "active": true
    }
},
{
    "model": "core.component",
    "pk": 3,
    "fields": {
        "code": "APS",
        "label": "Facult\u00e9 des sciences du sport",
        "mailing_list": null,
        "active": true
    }
},
{
    "model": "core.component",
    "pk": 6,
    "fields": {
        "code": "SEG",
        "label": "Facult\u00e9 des Sciences \u00e9conomiques et de gestion",
        "mailing_list": null,
        "active": true
    }
},
{
    "model": "core.component",
    "pk": 7,
    "fields": {
        "code": "ISC",
        "label": "IUT Louis Pasteur",
        "mailing_list": null,
        "active": true
    }
},
{
    "model": "core.component",
    "pk": 8,
    "fields": {
        "code": "CUJ",
        "label": "Centre universitaire d'enseignement du journalisme (CUEJ)",
        "mailing_list": null,
        "active": false
    }
},
{
    "model": "core.component",
    "pk": 9,
    "fields": {
        "code": "EOT",
        "label": "Ecole et observatoire des sciences de la Terre (EOST)",
        "mailing_list": null,
        "active": false
    }
},
{
    "model": "core.component",
    "pk": 10,
    "fields": {
        "code": "HIS",
        "label": "Facult\u00e9 des Sciences Historiques",
        "mailing_list": null,
        "active": false
    }
},
{
    "model": "core.component",
    "pk": 11,
    "fields": {
        "code": "ODO",
        "label": "Facult\u00e9 de Chirurgie Dentaire",
        "mailing_list": null,
        "active": false
    }
},
{
    "model": "core.component",
    "pk": 12,
    "fields": {
        "code": "THC",
        "label": "Facult\u00e9 de Th\u00e9ologie Catholique",
        "mailing_list": null,
        "active": false
    }
},
{
    "model": "core.component",
    "pk": 13,
    "fields": {
        "code": "MED",
        "label": "Facult\u00e9 de M\u00e9decine",
        "mailing_list": null,
        "active": false
    }
},
{
    "model": "core.component",
    "pk": 14,
    "fields": {
        "code": "PAG",
        "label": "Institut de pr\u00e9paration \u00e0 l'administration g\u00e9n\u00e9rale (IPAG)",
        "mailing_list": null,
        "active": false
    }
},
{
    "model": "core.component",
    "pk": 16,
    "fields": {
        "code": "IHA",
        "label": "IUT de Haguenau",
        "mailing_list": null,
        "active": false
    }
},
{
    "model": "core.component",
    "pk": 17,
    "fields": {
        "code": "PSY",
        "label": "Facult\u00e9 de Psychologie",
        "mailing_list": null,
        "active": false
    }
},
{
    "model": "core.component",
    "pk": 18,
    "fields": {
        "code": "CHM",
        "label": "Facult\u00e9 de Chimie",
        "mailing_list": null,
        "active": false
    }
},
{
    "model": "core.component",
    "pk": 19,
    "fields": {
        "code": "DRT",
        "label": "Facult\u00e9 de droit, de sciences politiques et de gestion",
        "mailing_list": null,
        "active": false
    }
},
{
    "model": "core.component",
    "pk": 20,
    "fields": {
        "code": "ESB",
        "label": "Ecole sup\u00e9rieure de biotechnologie de Strasbourg (ESBS)",
        "mailing_list": null,
        "active": false
    }
},
{
    "model": "core.component",
    "pk": 21,
    "fields": {
        "code": "LET",
        "label": "Facult\u00e9 des Lettres",
        "mailing_list": null,
        "active": false
    }
},
{
    "model": "core.component",
    "pk": 22,
    "fields": {
        "code": "PHA",
        "label": "Facult\u00e9 de Pharmacie",
        "mailing_list": null,
        "active": false
    }
},
{
    "model": "core.component",
    "pk": 23,
    "fields": {
        "code": "GEO",
        "label": "Facult\u00e9 de G\u00e9ographie et d'Am\u00e9nagement",
        "mailing_list": null,
        "active": false
    }
},
{
    "model": "core.component",
    "pk": 24,
    "fields": {
        "code": "IEP",
        "label": "Sciences Po Strasbourg",
        "mailing_list": null,
        "active": false
    }
},
{
    "model": "core.component",
    "pk": 25,
    "fields": {
        "code": "PLI",
        "label": "Facult\u00e9 de Philosophie",
        "mailing_list": null,
        "active": false
    }
},
{
    "model": "core.component",
    "pk": 26,
    "fields": {
        "code": "THP",
        "label": "Facult\u00e9 de Th\u00e9ologie Protestante",
        "mailing_list": null,
        "active": false
    }
},
{
    "model": "core.component",
    "pk": 27,
    "fields": {
        "code": "ECP",
        "label": "Ecole europ\u00e9enne de chimie, polym\u00e8res et mat\u00e9riaux (ECPM)",
        "mailing_list": null,
        "active": false
    }
},
{
    "model": "core.component",
    "pk": 28,
    "fields": {
        "code": "ESP",
        "label": "T\u00e9l\u00e9com Physique Strasbourg (TPS)",
        "mailing_list": null,
        "active": false
    }
},
{
    "model": "core.component",
    "pk": 29,
    "fields": {
        "code": "CPI",
        "label": "Centre d'\u00e9tudes internationales de la propri\u00e9t\u00e9 intellectuelle (CEIPI)",
        "mailing_list": "immersion-cpi@mon-domaine.fr",
        "active": false
    }
},
{
    "model": "core.component",
    "pk": 30,
    "fields": {
        "code": "EMS",
        "label": "Ecole de management Strasbourg (EM)",
        "mailing_list": null,
        "active": false
    }
},
{
    "model": "core.component",
    "pk": 32,
    "fields": {
        "code": "PHI",
        "label": "Facult\u00e9 de Physique et Ing\u00e9nierie",
        "mailing_list": null,
        "active": false
    }
},
{
    "model": "core.component",
    "pk": 33,
    "fields": {
        "code": "SOC",
        "label": "Facult\u00e9 des Sciences Sociales",
        "mailing_list": null,
        "active": false
    }
},
{
    "model": "core.component",
    "pk": 34,
    "fields": {
        "code": "VIE",
        "label": "Facult\u00e9 des Sciences de la Vie",
        "mailing_list": null,
        "active": false
    }
},
{
    "model": "core.component",
    "pk": 35,
    "fields": {
        "code": "EPE",
        "label": "Institut national sup\u00e9rieur du professorat et de l'\u00e9ducation (INSPE)",
        "mailing_list": null,
        "active": false
    }
},
{
    "model": "core.component",
    "pk": 36,
    "fields": {
        "code": "LGE",
        "label": "Facult\u00e9 des langues",
        "mailing_list": null,
        "active": false
    }
},
{
    "model": "core.component",
    "pk": 37,
    "fields": {
        "code": "ILL",
        "label": "IUT Robert Schuman",
        "mailing_list": null,
        "active": false
    }
},
{
    "model": "core.component",
    "pk": 38,
    "fields": {
        "code": "ITR",
        "label": "Institut du travail",
        "mailing_list": null,
        "active": false
    }
},
{
    "model": "core.component",
    "pk": 39,
    "fields": {
        "code": "OBS",
        "label": "Observatoire Astronomique de Strasbourg",
        "mailing_list": null,
        "active": false
    }
},
{
    "model": "core.highschool",
    "pk": 2,
    "fields": {
        "label": "Lyc\u00e9e Jean Monnet",
        "address": "25 route de ribeauvill\u00e9",
        "address2": null,
        "address3": null,
        "department": "67",
        "city": "STRASBOURG",
        "zip_code": "67100",
        "phone_number": "0388888882",
        "fax": null,
        "email": "lyceejeanmonnet@strasbourg.eu",
        "head_teacher_name": "le directeur",
        "convention_start_date": "2019-09-01",
        "convention_end_date": "2022-08-30"
    }
},
{
    "model": "core.highschool",
    "pk": 3,
    "fields": {
        "label": "Lyc\u00e9e Coufignal",
        "address": "avenue de Colmar",
        "address2": null,
        "address3": null,
        "department": "68",
        "city": "COLMAR",
        "zip_code": "68000",
        "phone_number": "0388888888",
        "fax": null,
        "email": "lyceecouffignal@strasbourg.eu",
        "head_teacher_name": "M. Le directeur",
        "convention_start_date": "2019-01-21",
        "convention_end_date": "2021-01-27"
    }
},
{
    "model": "core.highschool",
    "pk": 4,
    "fields": {
        "label": "Lyc\u00e9e Jean Monnet",
        "address": "rue de ribeauvill\u00e9",
        "address2": null,
        "address3": null,
        "department": "01",
        "city": "L'ABERGEMENT-DE-VAREY",
        "zip_code": "01640",
        "phone_number": "0388888888",
        "fax": null,
        "email": "armelle.mathis@unistra.fr",
        "head_teacher_name": "M. Le directeur",
        "convention_start_date": "2018-02-21",
        "convention_end_date": "2019-02-21"
    }
},
{
    "model": "core.highschool",
    "pk": 5,
    "fields": {
        "label": "Lyc\u00e9e Marie Curie",
        "address": "rue d'Islo",
        "address2": null,
        "address3": null,
        "department": "67",
        "city": "STRASBOURG",
        "zip_code": "67100",
        "phone_number": "0388888888",
        "fax": null,
        "email": "lycee@strasbourg.eu",
        "head_teacher_name": "M. le directeur",
        "convention_start_date": "2019-10-01",
        "convention_end_date": "2022-01-27"
    }
},
{
    "model": "core.highschool",
    "pk": 6,
    "fields": {
        "label": "Lyc\u00e9e Kl\u00e9ber",
        "address": "25 Place de Bordeaux",
        "address2": null,
        "address3": null,
        "department": "67",
        "city": "STRASBOURG",
        "zip_code": "67000",
        "phone_number": "0388143100",
        "fax": null,
        "email": "kleber@ac-strasbourg.eu",
        "head_teacher_name": "M Letheux Sylvain",
        "convention_start_date": "2020-01-24",
        "convention_end_date": "2022-02-24"
    }
},
{
    "model": "core.trainingdomain",
    "pk": 2,
    "fields": {
        "label": "Art, Lettres, Langues",
        "active": true
    }
},
{
    "model": "core.trainingdomain",
    "pk": 3,
    "fields": {
        "label": "Sciences et Technologies",
        "active": true
    }
},
{
    "model": "core.trainingdomain",
    "pk": 5,
    "fields": {
        "label": "Droit, Economie, Gestion",
        "active": true
    }
},
{
    "model": "core.trainingdomain",
    "pk": 6,
    "fields": {
        "label": "Sant\u00e9",
        "active": true
    }
},
{
    "model": "core.trainingdomain",
    "pk": 7,
    "fields": {
        "label": "Sciences Humaines et sociales",
        "active": true
    }
},
{
    "model": "core.trainingdomain",
    "pk": 8,
    "fields": {
        "label": "Test",
        "active": false
    }
},
{
    "model": "core.trainingsubdomain",
    "pk": 1,
    "fields": {
        "label": "Art visuels",
        "training_domain": 2,
        "active": true
    }
},
{
    "model": "core.trainingsubdomain",
    "pk": 2,
    "fields": {
        "label": "Math\u00e9matiques",
        "training_domain": 3,
        "active": true
    }
},
{
    "model": "core.trainingsubdomain",
    "pk": 3,
    "fields": {
        "label": "Art plastiques",
        "training_domain": 2,
        "active": true
    }
},
{
    "model": "core.trainingsubdomain",
    "pk": 6,
    "fields": {
        "label": "Psychologie",
        "training_domain": 3,
        "active": true
    }
},
{
    "model": "core.trainingsubdomain",
    "pk": 7,
    "fields": {
        "label": "Informatique",
        "training_domain": 3,
        "active": true
    }
},
{
    "model": "core.trainingsubdomain",
    "pk": 8,
    "fields": {
        "label": "Economie, Gestion",
        "training_domain": 5,
        "active": true
    }
},
{
    "model": "core.trainingsubdomain",
    "pk": 9,
    "fields": {
        "label": "Histoire et G\u00e9o",
        "training_domain": 7,
        "active": false
    }
},
{
    "model": "core.trainingsubdomain",
    "pk": 10,
    "fields": {
        "label": "Test sous domaine",
        "training_domain": 8,
        "active": true
    }
},
{
    "model": "core.trainingsubdomain",
    "pk": 11,
    "fields": {
        "label": "Sport",
        "training_domain": 7,
        "active": true
    }
},
{
    "model": "core.training",
    "pk": 2,
    "fields": {
        "label": "Licence Math\u00e9matiques",
        "url": null,
        "active": true,
        "training_subdomains": [
            2
        ],
        "components": [
            2
        ]
    }
},
{
    "model": "core.training",
    "pk": 3,
    "fields": {
        "label": "Licence Informatique",
        "url": null,
        "active": true,
        "training_subdomains": [
            7
        ],
        "components": [
            2
        ]
    }
},
{
    "model": "core.training",
    "pk": 6,
    "fields": {
        "label": "DUT Informatique",
        "url": "http://www.unistra.fr/index.php?id=27884&tx_unistrarof_pi1%5Brof-program%5D=FH48&cHash=a91cec443e727242d6ffc6b5b3141cc4#data-rof-tab-presentation",
        "active": true,
        "training_subdomains": [
            7
        ],
        "components": [
            7
        ]
    }
},
{
    "model": "core.training",
    "pk": 7,
    "fields": {
        "label": "Licence Maths-Eco",
        "url": null,
        "active": true,
        "training_subdomains": [
            2,
            8
        ],
        "components": [
            2,
            6
        ]
    }
},
{
    "model": "core.training",
    "pk": 8,
    "fields": {
        "label": "Licence Arts Plastiques & Design",
        "url": null,
        "active": true,
        "training_subdomains": [
            3
        ],
        "components": [
            1
        ]
    }
},
{
    "model": "core.training",
    "pk": 9,
    "fields": {
        "label": "Licence Arts du Spectacle",
        "url": "http://www.unistra.fr/index.php?id=27885&tx_unistrarof_pi1%5Brof-program%5D=ME29&cHash=99854fcd7f3362b04db24d8edc8eba2c#data-rof-tab-presentation",
        "active": true,
        "training_subdomains": [
            1
        ],
        "components": [
            1
        ]
    }
},
{
    "model": "core.training",
    "pk": 10,
    "fields": {
        "label": "Licence STAPS",
        "url": null,
        "active": true,
        "training_subdomains": [
            11
        ],
        "components": [
            3
        ]
    }
},
{
    "model": "core.campus",
    "pk": 1,
    "fields": {
        "label": "Campus Esplanade",
        "active": true
    }
},
{
    "model": "core.campus",
    "pk": 3,
    "fields": {
        "label": "Campus Illkirch",
        "active": true
    }
},
{
    "model": "core.campus",
    "pk": 5,
    "fields": {
        "label": "Campus Hopital Civil",
        "active": true
    }
},
{
    "model": "core.campus",
    "pk": 6,
    "fields": {
        "label": "Campus Historique",
        "active": true
    }
},
{
    "model": "core.campus",
    "pk": 8,
    "fields": {
        "label": "Campus Schiltigheim",
        "active": true
    }
},
{
    "model": "core.bachelormention",
    "pk": 1,
    "fields": {
        "label": "Sciences et technologies du management et de la gestion (STMG)",
        "active": true
    }
},
{
    "model": "core.bachelormention",
    "pk": 2,
    "fields": {
        "label": "Sciences et technologies du design et des arts appliqu\u00e9s (STD2A)",
        "active": true
    }
},
{
    "model": "core.bachelormention",
    "pk": 3,
    "fields": {
        "label": "Sciences et technologies de l'industrie et du d\u00e9veloppement durable (STI2D)",
        "active": true
    }
},
{
    "model": "core.bachelormention",
    "pk": 6,
    "fields": {
        "label": "Sciences et technologies de la sant\u00e9 et du socialST2S (sciences et technologies de la sant\u00e9 et du social (ST2S)",
        "active": true
    }
},
{
    "model": "core.building",
    "pk": 2,
    "fields": {
        "label": "Forum de m\u00e9decine",
        "campus": 5,
        "url": null,
        "active": true
    }
},
{
    "model": "core.building",
    "pk": 3,
    "fields": {
        "label": "Atrium",
        "campus": 1,
        "url": null,
        "active": true
    }
},
{
    "model": "core.building",
    "pk": 5,
    "fields": {
        "label": "Institut Le Bel",
        "campus": 1,
        "url": null,
        "active": true
    }
},
{
    "model": "core.building",
    "pk": 6,
    "fields": {
        "label": "Palais Universitaire",
        "campus": 6,
        "url": null,
        "active": true
    }
},
{
    "model": "core.building",
    "pk": 8,
    "fields": {
        "label": "Facult\u00e9 de Physique",
        "campus": 6,
        "url": null,
        "active": true
    }
},
{
    "model": "core.building",
    "pk": 9,
    "fields": {
        "label": "Cardo",
        "campus": 5,
        "url": null,
        "active": true
    }
},
{
    "model": "core.building",
    "pk": 10,
    "fields": {
        "label": "Le patio",
        "campus": 1,
        "url": null,
        "active": true
    }
},
{
    "model": "core.building",
    "pk": 11,
    "fields": {
        "label": "Facult\u00e9 de droit",
        "campus": 1,
        "url": null,
        "active": true
    }
},
{
    "model": "core.building",
    "pk": 12,
    "fields": {
        "label": "IUT Robert Schumann",
        "campus": 3,
        "url": null,
        "active": true
    }
},
{
    "model": "core.building",
    "pk": 13,
    "fields": {
        "label": "Facult\u00e9 de Pharmacie",
        "campus": 3,
        "url": null,
        "active": true
    }
},
{
    "model": "core.canceltype",
    "pk": 1,
    "fields": {
        "label": "Transport",
        "active": true
    }
},
{
    "model": "core.canceltype",
    "pk": 2,
    "fields": {
        "label": "Plus interess\u00e9",
        "active": true
    }
},
{
    "model": "core.canceltype",
    "pk": 4,
    "fields": {
        "label": "Plus disponible",
        "active": true
    }
},
{
    "model": "core.canceltype",
    "pk": 5,
    "fields": {
        "label": "Sant\u00e9",
        "active": true
    }
},
{
    "model": "core.coursetype",
    "pk": 1,
    "fields": {
        "label": "TD",
        "full_label": "Travaux Dirig\u00e9s",
        "active": true
    }
},
{
    "model": "core.coursetype",
    "pk": 3,
    "fields": {
        "label": "CM",
        "full_label": "Cours Magistral",
        "active": true
    }
},
{
    "model": "core.coursetype",
    "pk": 4,
    "fields": {
        "label": "CI",
        "full_label": "Cours Int\u00e9gr\u00e9",
        "active": true
    }
},
{
    "model": "core.coursetype",
    "pk": 8,
    "fields": {
        "label": "TP",
        "full_label": "Travaux Pratiques",
        "active": true
    }
},
{
    "model": "core.generalbachelorteaching",
    "pk": 2,
    "fields": {
        "label": "Humanit\u00e9s, litt\u00e9rature et philosophie",
        "active": true
    }
},
{
    "model": "core.generalbachelorteaching",
    "pk": 4,
    "fields": {
        "label": "Num\u00e9rique et sciences informatiques",
        "active": true
    }
},
{
    "model": "core.generalbachelorteaching",
    "pk": 7,
    "fields": {
        "label": "Maths",
        "active": true
    }
},
{
    "model": "core.generalbachelorteaching",
    "pk": 8,
    "fields": {
        "label": "Histoire g\u00e9ographie, g\u00e9opolitique et sciences politiques",
        "active": true
    }
},
{
    "model": "core.generalbachelorteaching",
    "pk": 9,
    "fields": {
        "label": "Langues, litt\u00e9ratures et cultures \u00e9trang\u00e8res",
        "active": true
    }
},
{
    "model": "core.generalbachelorteaching",
    "pk": 10,
    "fields": {
        "label": "Litt\u00e9rature, langues et cultures de l\u2019Antiquit\u00e9",
        "active": true
    }
},
{
    "model": "core.generalbachelorteaching",
    "pk": 11,
    "fields": {
        "label": "SVT",
        "active": true
    }
},
{
    "model": "core.generalbachelorteaching",
    "pk": 12,
    "fields": {
        "label": "Sciences de l\u2019ing\u00e9nieur",
        "active": false
    }
},
{
    "model": "core.generalbachelorteaching",
    "pk": 13,
    "fields": {
        "label": "Sciences \u00e9conomiques et sociales",
        "active": true
    }
},
{
    "model": "core.generalbachelorteaching",
    "pk": 14,
    "fields": {
        "label": "Physique chimie",
        "active": true
    }
},
{
    "model": "core.generalbachelorteaching",
    "pk": 15,
    "fields": {
        "label": "Arts : histoire des arts, th\u00e9\u00e2tre, arts plastiques, arts du spectacle, etc.",
        "active": true
    }
},
{
    "model": "core.generalbachelorteaching",
    "pk": 16,
    "fields": {
        "label": "Biologie \u00e9cologie",
        "active": true
    }
},
{
    "model": "core.publictype",
    "pk": 1,
    "fields": {
        "label": "Lyc\u00e9en",
        "active": true
    }
},
{
    "model": "core.publictype",
    "pk": 2,
    "fields": {
        "label": "Enseignant",
        "active": true
    }
},
{
    "model": "core.publictype",
    "pk": 4,
    "fields": {
        "label": "Etudiant",
        "active": true
    }
},
{
    "model": "core.universityyear",
    "pk": 7,
    "fields": {
        "label": "2020/2021",
        "active": true,
        "start_date": "2020-02-04",
        "end_date": "2021-07-01",
        "registration_start_date": "2020-02-17",
        "purge_date": null
    }
},
{
    "model": "core.holiday",
    "pk": 56,
    "fields": {
        "label": "Jour de l'an 2020",
        "date": "2020-01-01"
    }
},
{
    "model": "core.holiday",
    "pk": 57,
    "fields": {
        "label": "Vendredi Saint 2020",
        "date": "2020-04-10"
    }
},
{
    "model": "core.holiday",
    "pk": 58,
    "fields": {
        "label": "Lundi de P\u00e2ques 2020",
        "date": "2020-04-13"
    }
},
{
    "model": "core.holiday",
    "pk": 59,
    "fields": {
        "label": "F\u00eate du travail 2020",
        "date": "2020-05-01"
    }
},
{
    "model": "core.holiday",
    "pk": 60,
    "fields": {
        "label": "Victoire des alli\u00e9s 2020",
        "date": "2020-05-08"
    }
},
{
    "model": "core.holiday",
    "pk": 61,
    "fields": {
        "label": "Ascension 2020",
        "date": "2020-05-21"
    }
},
{
    "model": "core.holiday",
    "pk": 62,
    "fields": {
        "label": "Lundi de Pentec\u00f4te 2020",
        "date": "2020-06-01"
    }
},
{
    "model": "core.holiday",
    "pk": 63,
    "fields": {
        "label": "F\u00eate Nationale 2020",
        "date": "2020-07-14"
    }
},
{
    "model": "core.holiday",
    "pk": 64,
    "fields": {
        "label": "Assomption 2020",
        "date": "2020-08-15"
    }
},
{
    "model": "core.holiday",
    "pk": 65,
    "fields": {
        "label": "Toussaint 2020",
        "date": "2020-11-01"
    }
},
{
    "model": "core.holiday",
    "pk": 66,
    "fields": {
        "label": "Armistice 2020",
        "date": "2020-11-11"
    }
},
{
    "model": "core.holiday",
    "pk": 67,
    "fields": {
        "label": "No\u00ebl 2020",
        "date": "2020-12-25"
    }
},
{
    "model": "core.holiday",
    "pk": 68,
    "fields": {
        "label": "Saint \u00c9tienne 2020",
        "date": "2020-12-26"
    }
},
{
    "model": "core.holiday",
    "pk": 69,
    "fields": {
        "label": "Jour de l'an 2021",
        "date": "2021-01-01"
    }
},
{
    "model": "core.holiday",
    "pk": 70,
    "fields": {
        "label": "Vendredi Saint 2021",
        "date": "2021-04-02"
    }
},
{
    "model": "core.holiday",
    "pk": 71,
    "fields": {
        "label": "Lundi de P\u00e2ques 2021",
        "date": "2021-04-05"
    }
},
{
    "model": "core.holiday",
    "pk": 72,
    "fields": {
        "label": "F\u00eate du travail 2021",
        "date": "2021-05-01"
    }
},
{
    "model": "core.holiday",
    "pk": 73,
    "fields": {
        "label": "Victoire des alli\u00e9s 2021",
        "date": "2021-05-08"
    }
},
{
    "model": "core.holiday",
    "pk": 74,
    "fields": {
        "label": "Ascension 2021",
        "date": "2021-05-13"
    }
},
{
    "model": "core.holiday",
    "pk": 75,
    "fields": {
        "label": "Lundi de Pentec\u00f4te 2021",
        "date": "2021-05-24"
    }
},
{
    "model": "core.holiday",
    "pk": 76,
    "fields": {
        "label": "F\u00eate Nationale 2021",
        "date": "2021-07-14"
    }
},
{
    "model": "core.holiday",
    "pk": 77,
    "fields": {
        "label": "Assomption 2021",
        "date": "2021-08-15"
    }
},
{
    "model": "core.holiday",
    "pk": 78,
    "fields": {
        "label": "Toussaint 2021",
        "date": "2021-11-01"
    }
},
{
    "model": "core.holiday",
    "pk": 79,
    "fields": {
        "label": "Armistice 2021",
        "date": "2021-11-11"
    }
},
{
    "model": "core.holiday",
    "pk": 80,
    "fields": {
        "label": "No\u00ebl 2021",
        "date": "2021-12-25"
    }
},
{
    "model": "core.holiday",
    "pk": 81,
    "fields": {
        "label": "Saint \u00c9tienne 2021",
        "date": "2021-12-26"
    }
},
{
    "model": "core.vacation",
    "pk": 4,
    "fields": {
        "label": "Toussaint",
        "start_date": "2020-10-25",
        "end_date": "2020-11-07"
    }
},
{
    "model": "core.vacation",
    "pk": 5,
    "fields": {
        "label": "No\u00ebl",
        "start_date": "2020-12-19",
        "end_date": "2021-01-03"
    }
},
{
    "model": "core.vacation",
    "pk": 6,
    "fields": {
        "label": "F\u00e9vrier",
        "start_date": "2021-02-20",
        "end_date": "2021-02-27"
    }
},
{
    "model": "core.vacation",
    "pk": 7,
    "fields": {
        "label": "Avril",
        "start_date": "2021-04-24",
        "end_date": "2021-05-01"
    }
},
{
    "model": "core.calendar",
    "pk": 4,
    "fields": {
        "label": "Ann\u00e9e 2020/2021",
        "calendar_mode": "SEMESTER",
        "year_start_date": null,
        "year_end_date": null,
        "year_registration_start_date": null,
        "year_nb_authorized_immersion": 4,
        "semester1_start_date": "2020-03-05",
        "semester1_end_date": "2020-12-31",
        "semester1_registration_start_date": "2020-03-01",
        "semester2_start_date": "2021-02-01",
        "semester2_end_date": "2021-05-15",
        "semester2_registration_start_date": "2020-12-01",
        "nb_authorized_immersion_per_semester": 5,
        "global_evaluation_date": "2021-05-20"
    }
},
{
    "model": "core.mailtemplatevars",
    "pk": 1,
    "fields": {
        "code": "${annee}",
        "description": "Ann\u00e9e"
    }
},
{
    "model": "core.mailtemplatevars",
    "pk": 2,
    "fields": {
        "code": "${cours.libelle}",
        "description": "Libell\u00e9 du cours"
    }
},
{
    "model": "core.mailtemplatevars",
    "pk": 3,
    "fields": {
        "code": "${cours.nbplaceslibre}",
        "description": "Places disponibles dans le cours"
    }
},
{
    "model": "core.mailtemplatevars",
    "pk": 4,
    "fields": {
        "code": "${creneau.batiment}",
        "description": "Cr\u00e9neau : b\u00e2timent dans lequel a lieu le cours"
    }
},
{
    "model": "core.mailtemplatevars",
    "pk": 5,
    "fields": {
        "code": "${creneau.campus}",
        "description": "Cr\u00e9neau : campus"
    }
},
{
    "model": "core.mailtemplatevars",
    "pk": 6,
    "fields": {
        "code": "${creneau.composante}",
        "description": "Cr\u00e9neau : composante"
    }
},
{
    "model": "core.mailtemplatevars",
    "pk": 7,
    "fields": {
        "code": "${creneau.cours}",
        "description": "Cr\u00e9neau : nom du cours"
    }
},
{
    "model": "core.mailtemplatevars",
    "pk": 8,
    "fields": {
        "code": "${creneau.date}",
        "description": "Cr\u00e9neau : date"
    }
},
{
    "model": "core.mailtemplatevars",
    "pk": 9,
    "fields": {
        "code": "${creneau.enseignants}",
        "description": "Liste des enseignants du cr\u00e9neau"
    }
},
{
    "model": "core.mailtemplatevars",
    "pk": 10,
    "fields": {
        "code": "${creneau.formation}",
        "description": "Formation concern\u00e9e par le cr\u00e9neau"
    }
},
{
    "model": "core.mailtemplatevars",
    "pk": 11,
    "fields": {
        "code": "${creneau.heuredebut}",
        "description": "Cr\u00e9neau : heure de d\u00e9but"
    }
},
{
    "model": "core.mailtemplatevars",
    "pk": 12,
    "fields": {
        "code": "${creneau.heurefin}",
        "description": "Cr\u00e9neau : heure de fin"
    }
},
{
    "model": "core.mailtemplatevars",
    "pk": 13,
    "fields": {
        "code": "${creneau.info}",
        "description": "Cr\u00e9neau : autres informations"
    }
},
{
    "model": "core.mailtemplatevars",
    "pk": 14,
    "fields": {
        "code": "${creneau.salle}",
        "description": "Cr\u00e9neau : salle"
    }
},
{
    "model": "core.mailtemplatevars",
    "pk": 15,
    "fields": {
        "code": "${creneau.type}",
        "description": "Cr\u00e9neau : type"
    }
},
{
    "model": "core.mailtemplatevars",
    "pk": 16,
    "fields": {
        "code": "${ens.nom}",
        "description": "Nom de l'enseignant"
    }
},
{
    "model": "core.mailtemplatevars",
    "pk": 17,
    "fields": {
        "code": "${ens.prenom}",
        "description": "Pr\u00e9nom de l'enseignant"
    }
},
{
    "model": "core.mailtemplatevars",
    "pk": 18,
    "fields": {
        "code": "${identifiant}",
        "description": "Identifiant"
    }
},
{
    "model": "core.mailtemplatevars",
    "pk": 19,
    "fields": {
        "code": "${lycee}",
        "description": "Nom du lyc\u00e9e"
    }
},
{
    "model": "core.mailtemplatevars",
    "pk": 20,
    "fields": {
        "code": "${jourDestructionCptMin}",
        "description": "Date de destruction automatique du compte"
    }
},
{
    "model": "core.mailtemplatevars",
    "pk": 21,
    "fields": {
        "code": "${lienCreneau}",
        "description": "Lien vers l'enqu\u00eate pour l'\u00e9valuation du cr\u00e9neau"
    }
},
{
    "model": "core.mailtemplatevars",
    "pk": 22,
    "fields": {
        "code": "${lienGlobal}",
        "description": "Lien vers l'enqu\u00eate pour l'\u00e9valuation du dispositif"
    }
},
{
    "model": "core.mailtemplatevars",
    "pk": 23,
    "fields": {
        "code": "${lienValidation}",
        "description": "Lien vers la page de validation du compte"
    }
},
{
    "model": "core.mailtemplatevars",
    "pk": 24,
    "fields": {
        "code": "${listeInscrits.etablissement}",
        "description": "Liste des inscrits : \u00e9tablissement"
    }
},
{
    "model": "core.mailtemplatevars",
    "pk": 25,
    "fields": {
        "code": "${listeInscrits}",
        "description": "Liste des inscrits (noms et pr\u00e9noms)"
    }
},
{
    "model": "core.mailtemplatevars",
    "pk": 26,
    "fields": {
        "code": "${motifAnnulation}",
        "description": "Motif de l'annulation"
    }
},
{
    "model": "core.mailtemplatevars",
    "pk": 27,
    "fields": {
        "code": "${nom}",
        "description": "Nom du destinataire"
    }
},
{
    "model": "core.mailtemplatevars",
    "pk": 28,
    "fields": {
        "code": "${password}",
        "description": "Mot de passe"
    }
},
{
    "model": "core.mailtemplatevars",
    "pk": 29,
    "fields": {
        "code": "${prenom}",
        "description": "Pr\u00e9nom du destinataire"
    }
},
{
    "model": "core.mailtemplatevars",
    "pk": 30,
    "fields": {
        "code": "${referentlycee.nom}",
        "description": "Nom du r\u00e9f\u00e9rent du lyc\u00e9e"
    }
},
{
    "model": "core.mailtemplatevars",
    "pk": 31,
    "fields": {
        "code": "${referentlycee.prenom}",
        "description": "Pr\u00e9nom du r\u00e9f\u00e9rent du lyc\u00e9e"
    }
},
{
    "model": "core.mailtemplatevars",
    "pk": 32,
    "fields": {
        "code": "${urlPlateforme}",
        "description": "Adresse (URL) de la plateforme"
    }
},
{
    "model": "core.mailtemplatevars",
    "pk": 33,
    "fields": {
        "code": "${lienMotDePasse}",
        "description": "Lien vers la page de r\u00e9initialisation du mot de passe"
    }
},
{
    "model": "core.mailtemplatevars",
    "pk": 34,
    "fields": {
        "code": "${creneaux.liste}",
        "description": "Affichage de cr\u00e9neaux sous forme de liste"
    }
},
{
    "model": "core.mailtemplate",
    "pk": 2,
    "fields": {
        "code": "CPT_MIN_VALIDE_LYCEEN",
        "label": "Mail validation compte lyc\u00e9en",
        "description": "Mail envoy\u00e9 lors de la validation d\u2019un compte Lyc\u00e9en pour le lyc\u00e9e",
        "subject": "Validation de votre compte lyc\u00e9en",
        "body": "<p>Bonjour ${prenom} ${nom}, </p><p>Votre compte Immersion a bien \u00e9t\u00e9 valid\u00e9. </p><p>Vous pouvez \u00e0 pr\u00e9sent vous inscrire aux immersion. </p><p>Cordialement,</p><p>Le service en ligne d'immersions</p>",
        "active": true,
        "available_vars": [
            29,
            27,
            1,
            32
        ]
    }
},
{
    "model": "core.mailtemplate",
    "pk": 3,
    "fields": {
        "code": "CPT_MIN_CREATE_ETU",
        "label": "Mail cr\u00e9ation compte minima pour un \u00e9tudiant",
        "description": "Mail envoy\u00e9 lors de la cr\u00e9ation d\u2019un compte (Etudiant) avec un lien de validation pour activer le compte",
        "subject": "Cr\u00e9ation de votre compte Immersion",
        "body": "<p>Bonjour ${prenom} ${nom}, </p><p>Vous venez de cr\u00e9er un compte Immersion pour l'ann\u00e9e ${annee}. Connectez vous avec vos identifiants ENT de votre \u00e9tablissement d'origine. Attention, vous devez valider votre compte avant le ${jourDestructionCptMin}, apr\u00e8s cela votre compte sera d\u00e9truit.Veuillez cliquer sur ce lien pour valider votre compte ${lienValidation}</p><p>Cordialement,</p><p>Le service en ligne d'immersions</p>",
        "active": true,
        "available_vars": [
            29,
            27,
            23,
            20,
            1,
            32
        ]
    }
},
{
    "model": "core.mailtemplate",
    "pk": 4,
    "fields": {
        "code": "CPT_MIN_CREATE_LYCEEN",
        "label": "Mail cr\u00e9ation compte minima pour un lyc\u00e9en",
        "description": "Mail envoy\u00e9 lors de la cr\u00e9ation d\u2019un compte (Lyc\u00e9ens) avec un lien de validation pour activer le compte",
        "subject": "Cr\u00e9ation de votre compte Immersion",
        "body": "<p>Bonjour ${prenom} ${nom}, </p><p>Vous venez de cr\u00e9er un compte Immersion pour l'ann\u00e9e ${annee}. </p><p>Vos identifiants sont votre courriel (${identifiant}) et le mot de passe que vous avez entr\u00e9.<br></p><p>Attention, vous devez valider votre compte avant le ${jourDestructionCptMin}, apr\u00e8s cela votre compte sera d\u00e9truit.</p><p>Veuillez cliquer sur le lien suivant pour valider votre compte : </p><p>${lienValidation}</p><p>Cordialement,</p><p>Le service en ligne d'immersions</p>",
        "active": true,
        "available_vars": [
            29,
            27,
            23,
            20,
            18,
            1,
            32
        ]
    }
},
{
    "model": "core.mailtemplate",
    "pk": 5,
    "fields": {
        "code": "CPT_MIN_REJET_LYCEEN",
        "label": "Mail rejet compte lyc\u00e9en",
        "description": "Mail envoy\u00e9 lors du rejet d\u2019un compte Lyc\u00e9en pour le lyc\u00e9e",
        "subject": "Rejet de votre compte Immersion",
        "body": "<p>Bonjour ${prenom} ${nom}, </p><p>Votre compte immersion a \u00e9t\u00e9 rejet\u00e9 par le lyc\u00e9e que vous avez choisi. </p><p>Merci de contacter votre lyc\u00e9e ou de renseigner le bon lyc\u00e9e. </p><p>Cordialement, </p><p>Le service en ligne d'immersions</p>",
        "active": true,
        "available_vars": [
            29,
            27,
            19,
            1,
            32
        ]
    }
},
{
    "model": "core.mailtemplate",
    "pk": 6,
    "fields": {
        "code": "CPT_MIN_ID_OUBLIE",
        "label": "Mail d'oubli d'identifiants",
        "description": "Mail envoy\u00e9 lors de l'oubli des identifiants pour un lyc\u00e9en",
        "subject": "Identifiants compte Immersion",
        "body": "<p>Bonjour ${prenom} ${nom}, </p><p>Vous avez demand\u00e9 la r\u00e9initialisation de votre mot de passe. Merci d'utiliser le lien suivant :<br></p>${lienMotDePasse}<br><p>Si vous n'\u00eatre pas \u00e0 l'origine de cette demande, vous pouvez ignorer ce message.<br><br></p><p>Cordialement, </p><p>Le service en ligne d'immersions</p>",
        "active": true,
        "available_vars": [
            33,
            29,
            28,
            27,
            18,
            1,
            32
        ]
    }
},
{
    "model": "core.mailtemplate",
    "pk": 7,
    "fields": {
        "code": "CPT_MIN_CHANGE_MAIL",
        "label": "Mail de changement d'adresse mail",
        "description": "Mail envoy\u00e9 lors du changement d'adresse mail par un lyc\u00e9en ou un \u00e9tudiant",
        "subject": "Changement d'adresse mail",
        "body": "<p>Bonjour ${prenom} ${nom}, </p><p>Vous venez de modifier votre adresse de contact pour l'application d'immersion. Veuillez cliquer sur ce lien pour valider votre compte ${lienValidation}. </p><p>Attention, vous ne pourrez plus utiliser votre compte avant de l'avoir valid\u00e9. </p><p>Cordialement, </p><p>Le service en ligne d'immersions</p>",
        "active": true,
        "available_vars": [
            29,
            27,
            23,
            1,
            32
        ]
    }
},
{
    "model": "core.mailtemplate",
    "pk": 8,
    "fields": {
        "code": "CPT_CREATE_ENS",
        "label": "Mail cr\u00e9ation compte enseignant",
        "description": "Mail envoy\u00e9 lors de la cr\u00e9ation d\u2019un compte Enseignant",
        "subject": "Votre compte immersion",
        "body": "<p>Bonjour ${ens.prenom} ${ens.nom}, </p><p>un compte immersion vient de vous \u00eatre cr\u00e9\u00e9 pour l'ann\u00e9e ${annee}. </p><p>Vous pouvez vous connecter en utilisant vos identifiants ENT habituels. </p><p>La plateforme a l'adresse suivante ${urlPlateforme}. </p><p>Cordialement, </p><p>Le service en ligne d'immersions</p>",
        "active": true,
        "available_vars": [
            17,
            32,
            1,
            16
        ]
    }
},
{
    "model": "core.mailtemplate",
    "pk": 9,
    "fields": {
        "code": "CPT_CREATE_LYCEE",
        "label": "Mail cr\u00e9ation compte r\u00e9f\u00e9rent lyc\u00e9e",
        "description": "Mail envoy\u00e9 lors de la cr\u00e9ation d\u2019un compte R\u00e9ferent Lyc\u00e9e",
        "subject": "Cr\u00e9ation de votre compte r\u00e9f\u00e9rent Lyc\u00e9e",
        "body": "<p>Bonjour ${referentlycee.prenom} ${referentlycee.nom}, </p><p>un \r\ncompte r\u00e9f\u00e9rent lyc\u00e9e sur la plateforme ${urlPlateforme} vient de vous \r\n\u00eatre cr\u00e9\u00e9 pour l'ann\u00e9e ${annee} et le lyc\u00e9e suivant : ${lycee}. </p><p>Votre identifiant de connexion est : ${identifiant} </p><p>Pour initialiser votre mot de passe, merci de vous connecter \u00e0 l'adresse suivante : ${lienMotDePasse}</p><p> Cordialement, </p><p>Le service en ligne d'immersions<br></p>",
        "active": true,
        "available_vars": [
            33,
            31,
            30,
            19,
            18,
            1,
            32
        ]
    }
},
{
    "model": "core.mailtemplate",
    "pk": 10,
    "fields": {
        "code": "CPT_CHANGE_PASSWD_LYCEE",
        "label": "Mail changement de mot de passe r\u00e9f\u00e9rent lyc\u00e9e",
        "description": "Mail envoy\u00e9 lors du changement de mot de passe R\u00e9ferent Lyc\u00e9e",
        "subject": "Changement de mot de passe",
        "body": "<p>Bonjour ${referentlycee.prenom} ${referentlycee.nom}, </p><p>votre mot de passe de la plateforme d'immersion a bien \u00e9t\u00e9 modifi\u00e9. </p><p>Cordialement, </p><p>Le service en ligne d'immersions</p>",
        "active": true,
        "available_vars": [
            31,
            30,
            1,
            32
        ]
    }
},
{
    "model": "core.mailtemplate",
    "pk": 11,
    "fields": {
        "code": "CPT_DELETE",
        "label": "Mail suppression CNIL compte lyc\u00e9en ou \u00e9tudiant",
        "description": "Mail envoy\u00e9 lors de la suppression d'un compte Lyc\u00e9en ou \u00e9tudiant",
        "subject": "Suppression de votre compte Immersion",
        "body": "<p>Bonjour ${prenom} ${nom}, </p><p>Conform\u00e9ment \u00e0 votre demande, votre compte immersion a bien \u00e9t\u00e9 supprim\u00e9. </p><p>Cordialement, </p><p>Le service en ligne d'immersions</p>",
        "active": true,
        "available_vars": [
            29,
            27,
            1,
            32
        ]
    }
},
{
    "model": "core.mailtemplate",
    "pk": 12,
    "fields": {
        "code": "CPT_AVALIDER_LYCEE",
        "label": "Mail de notification de comptes \u00e0 valider pour un lyc\u00e9e",
        "description": "Mail envoy\u00e9 par un batch chaque nuit si le lyc\u00e9e a des comptes \u00e0 valider",
        "subject": "Comptes \u00e0 valider sur la plateforme d'immersion",
        "body": "<p>Bonjour ${referentlycee.prenom} ${referentlycee.nom}, </p><p>Il existe des comptes lyc\u00e9en \u00e0 valider ou rejeter pour votre Etablissement :&nbsp; <span>${lycee} </span>. </p><p>Merci de vous connecter sur la plateforme ${urlPlateforme} pour les traiter. </p><p>Le service en ligne d'immersions</p>",
        "active": true,
        "available_vars": [
            31,
            30,
            19,
            1,
            32
        ]
    }
},
{
    "model": "core.mailtemplate",
    "pk": 13,
    "fields": {
        "code": "CRENEAU_MODIFY_NOTIF",
        "label": "Mail modification de cr\u00e9neau",
        "description": "Mail envoy\u00e9 lors de la modification d'un cr\u00e9neau \u00e0 tous les inscrits",
        "subject": "Modification de votre cr\u00e9neau d'immersion",
        "body": "<p>Bonjour ${prenom} ${nom}, </p><p>Vous \u00eates inscrits au cr\u00e9neau d'immersion suivant : </p><p>formation ${creneau.formation} cours ${creneau.cours}.</p><p> Ce cr\u00e9neau a \u00e9t\u00e9 modifi\u00e9 :<br>il aura lieu le ${creneau.date} de ${creneau.heuredebut} \u00e0 ${creneau.heurefin}. ${creneau.campus} ${creneau.batiment} ${creneau.salle}. </p><p>Informations compl\u00e9mentaires :${creneau.info} </p><p>Cordialement, </p><p>Le service en ligne d'immersions</p>",
        "active": true,
        "available_vars": [
            1,
            4,
            5,
            6,
            7,
            8,
            9,
            10,
            11,
            12,
            13,
            14,
            15,
            27,
            29,
            32
        ]
    }
},
{
    "model": "core.mailtemplate",
    "pk": 14,
    "fields": {
        "code": "IMMERSION_CONFIRM",
        "label": "Mail de confirmation d'inscription",
        "description": "Mail envoy\u00e9 \u00e0 un inscrit lors de l'inscription \u00e0 un cr\u00e9neau",
        "subject": "Confirmation d'inscription",
        "body": "<p>Bonjour ${prenom} ${nom}, </p><p>Vous \u00eates inscrit(e) au cr\u00e9neau d'immersion suivant : </p><p>formation ${creneau.formation} cours ${creneau.cours}. </p><p>Il aura lieu le ${creneau.date} de ${creneau.heuredebut} \u00e0 ${creneau.heurefin}. </p><p>Campus : ${creneau.campus}<br>B\u00e2timent : ${creneau.batiment}<br>Salle : ${creneau.salle}</p><p>Informations compl\u00e9mentaires :${creneau.info} </p><p>Cordialement, </p><p>Le service en ligne d'immersions</p>",
        "active": true,
        "available_vars": [
            1,
            4,
            5,
            6,
            7,
            8,
            9,
            10,
            11,
            12,
            13,
            14,
            15,
            27,
            29,
            32
        ]
    }
},
{
    "model": "core.mailtemplate",
    "pk": 15,
    "fields": {
        "code": "IMMERSION_RAPPEL",
        "label": "Mail de rappel de participation \u00e0 un cr\u00e9neau",
        "description": "Mail envoy\u00e9 \u00e0 un inscrit n jours avant le cr\u00e9neau",
        "subject": "Rappel immersion",
        "body": "<p>Bonjour ${prenom} ${nom}, </p><p>Vous \u00eates inscrit(e) au cr\u00e9neau d'immersion suivant : </p><p>formation ${creneau.formation} cours ${creneau.cours}. </p><p>Il aura lieu le ${creneau.date} de ${creneau.heuredebut} \u00e0 ${creneau.heurefin}. </p><p>Campus : ${creneau.campus}<br>B\u00e2timent : ${creneau.batiment} <br>Salle : ${creneau.salle} </p><p>Informations compl\u00e9mentaires : ${creneau.info}. </p><p>Si vous ne pouvez pas y participer, merci de vous d\u00e9sinscrire. </p><p> Cordialement, </p><p>Le service en ligne d'immersions</p>",
        "active": true,
        "available_vars": [
            1,
            4,
            5,
            6,
            7,
            8,
            9,
            10,
            11,
            12,
            13,
            14,
            15,
            27,
            29,
            32
        ]
    }
},
{
    "model": "core.mailtemplate",
    "pk": 16,
    "fields": {
        "code": "IMMERSION_RAPPEL_ENS",
        "label": "Mail de rappel de participation \u00e0 un cr\u00e9neau pour les enseignants",
        "description": "Mail envoy\u00e9 \u00e0 un enseignant n jours avant le cr\u00e9neau",
        "subject": "Rappel : votre cours en immersion",
        "body": "<p>Bonjour ${ens.prenom} ${ens.nom}, </p><p>Un de vos cours a \u00e9t\u00e9 d\u00e9fini comme cours en immersion. Il s'agit du cours suivant : </p><p>formation ${creneau.formation} cours ${creneau.cours}. </p><p>Il aura lieu le ${creneau.date} de ${creneau.heuredebut} \u00e0 ${creneau.heurefin}. ${creneau.campus} ${creneau.batiment} ${creneau.salle}. <br>Informations compl\u00e9mentaires :${creneau.info}. </p><p>Voici la liste des inscrits : <br>${listeInscrits}</p><p>Cordialement, </p><p>Le service en ligne d'immersions</p>",
        "active": true,
        "available_vars": [
            1,
            4,
            5,
            6,
            7,
            8,
            9,
            10,
            11,
            12,
            13,
            14,
            15,
            16,
            17,
            24,
            25,
            32
        ]
    }
},
{
    "model": "core.mailtemplate",
    "pk": 17,
    "fields": {
        "code": "IMMERSION_ANNUL",
        "label": "Mail de confirmation d'annulation d'inscription",
        "description": "Mail envoy\u00e9 \u00e0 un inscrit lors de l'annulation de son inscription \u00e0 un cr\u00e9neau",
        "subject": "Annulation de votre Inscription",
        "body": "<p>Bonjour ${prenom} ${nom}, </p><p>Votre inscription au cr\u00e9neau d'immersion suivant est annul\u00e9e : </p><p>formation ${creneau.formation} cours ${creneau.cours}.<br>Cr\u00e9neau du ${creneau.date} de ${creneau.heuredebut} \u00e0 ${creneau.heurefin}. ${creneau.campus} ${creneau.batiment} ${creneau.salle}.<br>Informations compl\u00e9mentaires :${creneau.info} </p><p>Le motif d'annulation est le suivant : ${motifAnnulation} </p><p>Cordialement, </p><p>Le service en ligne d'immersions</p>",
        "active": true,
        "available_vars": [
            1,
            4,
            5,
            6,
            7,
            8,
            9,
            10,
            11,
            12,
            13,
            14,
            15,
            26,
            27,
            29,
            32
        ]
    }
},
{
    "model": "core.mailtemplate",
    "pk": 18,
    "fields": {
        "code": "EVALUATION_GLOBALE",
        "label": "Mail envoy\u00e9 pour l'\u00e9valuation du dispositif",
        "description": "Mail envoy\u00e9 \u00e0 tous les inscrits \u00e0 la plateforme",
        "subject": "Evaluation du dispositif d'immersion",
        "body": "<p>Bonjour, </p><p>Vous vous \u00eates inscrit(e) pour l'ann\u00e9e ${annee} au dispositif d'immersion. </p><p>Nous souhaiterions connaitre votre opinion sur ce dispositif. </p><p>Merci de r\u00e9pondre au questionnaire suivant : <span>${lienGlobal}</span></p><p>Cordialement, </p><p>Le service en ligne d'immersions</p>",
        "active": true,
        "available_vars": [
            22,
            1,
            32
        ]
    }
},
{
    "model": "core.mailtemplate",
    "pk": 19,
    "fields": {
        "code": "EVALUATION_CRENEAU",
        "label": "Mail envoy\u00e9 pour l'\u00e9valuation d'un cr\u00e9neau",
        "description": "Mail envoy\u00e9 \u00e0 tous les inscrits d'un cr\u00e9neau",
        "subject": "Evaluation du dispositif d'immersion",
        "body": "<p>Bonjour ${prenom} ${nom},</p><p>Vous venez de participer \u00e0 un cr\u00e9neau d'immersion : </p><p>${creneau.formation},\r\n ${creneau.cours}<br>Type : ${creneau.type}</p><p>Campus : ${creneau.campus}<br>B\u00e2timent : ${creneau.batiment}<br>Salle : ${creneau.salle}</p><p>Date : ${creneau.date}, \r\n${creneau.heuredebut}, ${creneau.heurefin}<br>Enseignant(s) : ${creneau.enseignants}<br></p><p>Informations compl\u00e9mentaires : ${creneau.info} </p><p>Nous souhaiterions connaitre votre opinion sur ce cours. </p><p>Merci de r\u00e9pondre au questionnaire suivant : ${lienCreneau} </p><p>Cordialement, </p><p>Le service en ligne d'immersions</p>",
        "active": true,
        "available_vars": [
            1,
            4,
            5,
            6,
            7,
            8,
            9,
            10,
            11,
            12,
            13,
            14,
            15,
            21,
            27,
            29,
            32
        ]
    }
},
{
    "model": "core.mailtemplate",
    "pk": 20,
    "fields": {
        "code": "ALERTE_DISPO",
        "label": "Mail envoy\u00e9 quand une place se lib\u00e8re pour un cours",
        "description": "Mail envoy\u00e9 \u00e0 tous ceux qui l'ont demand\u00e9 et qui n'ont pas encore re\u00e7u d'alerte",
        "subject": "Alerte de disponibilit\u00e9",
        "body": "<p>Bonjour,</p><p>Ce message fait suite \u00e0 l'alerte enregistr\u00e9e pour le cours \"${cours.libelle}\".<br></p><p>Vous trouverez ci-dessous un ou plusieurs cr\u00e9neaux disponibles :<br></p><p>${creneaux.liste}</p><p>Vous pouvez vous inscrire. </p><p>Cordialement, </p><p>Le service en ligne d'immersions</p><p><br></p><p><br></p>",
        "active": true,
        "available_vars": [
            1,
            2,
            3,
            32,
            34
        ]
    }
},
{
    "model": "core.mailtemplate",
    "pk": 22,
    "fields": {
        "code": "RAPPEL_COMPOSANTE",
        "label": "Mail de rappel des gestionnaires de composantes",
        "description": "Mail envoy\u00e9 aux gestionnaires des composantes pour rappel des cr\u00e9neaux \u00e0 venir dans n semaines",
        "subject": "Les immersions \u00e0 venir pour votre composante",
        "body": "<p>Bonjour ${prenom} ${nom}, </p><p>Ci-dessous le rappel des cr\u00e9neaux \u00e0 venir pour v\u00e9rification :</p><p>${creneaux.liste}</p><p>Cordialement,</p><p>L'\u00e9quipe Immersion<br></p>",
        "active": true,
        "available_vars": [
            1,
            27,
            29,
            32,
            34
        ]
    }
},
{
    "model": "core.mailtemplate",
    "pk": 23,
    "fields": {
        "code": "CONTACTUS_NOTIFICATION",
        "label": "Mail envoy\u00e9 suite \u00e0 l'envoi du formulaire de contact g\u00e9n\u00e9ral",
        "description": "Mail envoy\u00e9 \u00e0 la personne qui a contact\u00e9 le scuio-ip",
        "subject": "Merci pour votre message au service immersion",
        "body": "<p>Bonjour ${prenom} ${nom},</p><p>Merci de nous avoir contact\u00e9 nous allons vous r\u00e9pondre dans les plus brefs d\u00e9lais.</p><p>Cordialement,</p><p>Le service en ligne d'immersions</p>",
        "active": true,
        "available_vars": [
            27,
            29
        ]
    }
},
{
    "model": "core.informationtext",
    "pk": 1,
    "fields": {
        "label": "Texte de pr\u00e9sentation",
        "code": "ACCUEIL",
        "content": "<p>L'universit\u00e9 propose aux lyc\u00e9ens et aux enseignants qui les accompagnent de <b>participer \u00e0 un cours magistral ou une s\u00e9ance de TD</b>. Cette d\u00e9marche permet aussi de d\u00e9couvrir l'universit\u00e9 <span class=\"italic\">in situ</span> (amphith\u00e9\u00e2tres, salles de TD...) et de visiter les composantes (facult\u00e9, institut...)</p><p><br><a href=\"http://immersion-test.u-strasbg.fr/dl/pubdoc/2\" target=\"_blank\">comment venir nous voir</a></p><p><br><br></p>",
        "description": "Ce texte se trouve sur la page d'accueil",
        "active": true
    }
},
{
    "model": "core.informationtext",
    "pk": 2,
    "fields": {
        "label": "Texte d'info-bulle de la proc\u00e9dure",
        "code": "INFO_BULLE_PROCEDURE",
        "content": "<p>Proc\u00e9dure pour les lyc\u00e9es !!<br></p>",
        "description": "Ce texte est celui de l'info bulle sur l'image de la proc\u00e9dure sur la page d'accueil",
        "active": true
    }
},
{
    "model": "core.informationtext",
    "pk": 3,
    "fields": {
        "label": "Texte d'info-bulle de l'offre d'immersion",
        "code": "INFO_BULLE_OFFRE",
        "content": "<p>D\u00e9couvrir notre offre d'immersion !!<br></p>",
        "description": "Ce texte est celui de l'info bulle sur l'image de l'offre d'immersion sur la page d'accueil",
        "active": true
    }
},
{
    "model": "core.informationtext",
    "pk": 4,
    "fields": {
        "label": "Texte d'info-bulle de l'accompagnement",
        "code": "INFO_BULLE_ACCOMPAGNEMENT",
        "content": "<p>Aide \u00e0 la r\u00e9ussite des <b>immersions !!</b><br></p>",
        "description": "Ce texte est celui de l'info bulle sur l'image de l'accompagnement sur la page d'accueil",
        "active": true
    }
},
{
    "model": "core.informationtext",
    "pk": 5,
    "fields": {
        "label": "Texte d'explication sur la proc\u00e9dure lyc\u00e9e",
        "code": "PROCEDURE_LYCEE",
        "content": "<p></p><h2><span>Proc\u00e9dure \u00e0 destination des lyc\u00e9es pour immersion individuelle ....<br></span></h2><h3><span>Public concern\u00e9</span></h3>\r\n\t\t\r\n\t\t\t\r\n\t\t\r\n\t\t\t<p>Seuls les \u00e9l\u00e8ves de premi\u00e8re et de terminale de l'acad\u00e9mie de \r\nStrasbourg pourront \u00eatre accueillis dans le cadre de cette action, sous \r\nr\u00e9serve que leur lyc\u00e9e ait sign\u00e9 la convention lyc\u00e9e-Unistra.</p>\r\n\t\t\r\n\t\t\t\r\n\t\r\n\t\t\r\n\t\r\n\t\t<div id=\"c79423\" class=\"csc-default\">\r\n\t\t\r\n\t\t\t<h3><span>Calendrier</span></h3>\r\n\t\t\r\n\t\t\t\r\n\t\t\r\n\t\t\t<p>Pour l\u2019ann\u00e9e universitaire 2019-2020, les immersions pourront \r\ns\u2019\u00e9taler d'octobre 2019 \u00e0 avril 2020, en fonction des possibilit\u00e9s des \r\nlyc\u00e9es et des composantes de l\u2019universit\u00e9. <br>Inscriptions \r\nindividuelles : 1er semestre &gt; d\u00e9marrage des immersions le 21 octobre\r\n 2019, deuxi\u00e8me semestre &gt; d\u00e9marrage des immersions le 20 janvier \r\n2020.\r\n</p>\r\n<p>Afin de permettre le bon d\u00e9roulement du dispositif, les lyc\u00e9es \r\nsouhaitant participer et n'ayant pas encore sign\u00e9 la convention \r\ndisponible sur cette page son pri\u00e9s de bien vouloir le faire en tout \r\nd\u00e9but d'ann\u00e9e scolaire et avant l'ouverture de la plateforme pour le 1er\r\n semestre.<br><br><span style=\"text-decoration: underline;\">Attention</span> : la convention est <strong>valable jusqu'en 2021 pour les lyc\u00e9es d\u00e9j\u00e0 partenaires</strong> et cit\u00e9s dans la liste ci-dessous. Pour ces derniers, aucune d\u00e9marche administrative n'est \u00e0 entreprendre cette ann\u00e9e.</p>\r\n\t\t\r\n\t\t\t</div>\r\n\t\r\n\t\t\r\n\t\r\n\t\t<div id=\"c59336\" class=\"csc-default\">\r\n\t\t\r\n\t\t\t<h3><span>Convention</span></h3>\r\n\t\t\r\n\t\t\t</div>\r\n\t\r\n\t\t\r\n\t\r\n\t\t<div id=\"c59335\" class=\"csc-default\"><div class=\"alert alert-info\"><p>Les lyc\u00e9ens ne peuvent \u00eatre accueillis en immersion qu'\u00e0 condition que leur lyc\u00e9e ait<strong> pr\u00e9alablement sign\u00e9 la convention \"Immersion\" Universit\u00e9 de Strasbourg - lyc\u00e9e</strong>.</p></div></div><h4><span style=\"font-size: 18px;\"><a href=\"http://immersion-test.u-strasbg.fr/dl/pubdoc/1\">Convention Lyc\u00e9e</a></span></h4><h3><span style=\"text-decoration: underline;\">Proc\u00e9dure \u00e0 suivre par le chef d'\u00e9tablissement (si la convention n'a pas \u00e9t\u00e9 sign\u00e9e une ann\u00e9e pr\u00e9c\u00e9dente)<br></span></h3>\r\n<h4>\u00c9tape 1</h4>\r\n<p><em class=\"fa fa-arrow-right\"></em> Envoyer par mail \u00e0 <a href=\"mailto:espace-avenir-lyceens-immersions@unistra.fr\">espace-avenir-lyceens-immersions@unistra.fr</a> une convention sign\u00e9e par le chef d'\u00e9tablissement et num\u00e9ris\u00e9e (afin de rendre la proc\u00e9dure la plus rapide possible)<em></em>\r\n</p>\r\n<h4>\u00c9tape 2</h4>\r\n<p><em class=\"fa fa-arrow-right\"></em> Envoyer <strong>3 exemplaires papier sign\u00e9s de sa main</strong> \u00e0 :\r\n</p>\r\n<p style=\"padding-left: 30px;\"><strong>Universit\u00e9 de Strasbourg<em></em></strong><strong><em><br></em></strong>Espace Avenir - P\u00f4le lyc\u00e9ens<br>Nouveau Patio<br>20a rue Ren\u00e9 Descartes - CS 90032<br>67081 Strasbourg cedex</p>\r\n<p><em class=\"fa fa-arrow-right\"></em> Les trois exemplaires de la \r\nconvention seront alors sign\u00e9s par le pr\u00e9sident de chacune des deux \r\nuniversit\u00e9s puis un exemplaire sera renvoy\u00e9 au lyc\u00e9e.</p><p></p><br><br>",
        "description": "Ce texte est celui affich\u00e9 sur la page de proc\u00e9dure dans le premier bloc",
        "active": true
    }
},
{
    "model": "core.informationtext",
    "pk": 6,
    "fields": {
        "label": "Texte d'explication sur l'immersion de groupe",
        "code": "PROCEDURE_IMMERSION_GROUPE",
        "content": "<h2><span>Proc\u00e9dure \u00e0 destination des lyc\u00e9es pour les immersions de groupe ...<br></span></h2><h3><span>Constitution du groupe d'\u00e9l\u00e8ves</span></h3>\r\n\t\t\r\n\t\t\t\r\n\t\t\r\n\t\t\t<p>L'objectif \u00e9tant de renseigner des \u00e9l\u00e8ves r\u00e9ellement int\u00e9ress\u00e9s \r\npar la fili\u00e8re, il serait contre-productif de faire venir \u00e0 l'universit\u00e9\r\n une classe enti\u00e8re d'une m\u00eame fili\u00e8re de bac. <br>Il est de la \r\nresponsabilit\u00e9 du lyc\u00e9e de sonder les besoins des \u00e9l\u00e8ves et de \r\nconstituer des groupes d'\u00e9l\u00e8ves motiv\u00e9s, ind\u00e9pendamment de leur fili\u00e8re \r\nd'origine.</p>\r\n\t\t\r\n\t\t\t\r\n\t\r\n\t\t\r\n\t\r\n\t\t<div id=\"c58940\" class=\"csc-default\">\r\n\t\t\r\n\t\t\t<h3><span>Suivi p\u00e9dagogique des \u00e9l\u00e8ves</span></h3>\r\n\t\t\r\n\t\t\t\r\n\t\t\r\n\t\t\t<p>Afin que les \u00e9l\u00e8ves retirent un maximum de b\u00e9n\u00e9fices de \r\nl'immersion et qu'elle soit efficace, une pr\u00e9paration en amont et un \r\nsuivi en aval sont tr\u00e8s fortement recommand\u00e9s.\r\n</p>\r\n<p>Avant leur visite, il faudrait que les lyc\u00e9ens se soient renseign\u00e9s \r\nsur la fili\u00e8re et qu'ils aient \u00e9ventuellement des questions \u00e0 poser, \r\nquestions dont la r\u00e9ponse ne figure pas dans le guide p\u00e9dagogique. De <a href=\"http://www.unistra.fr/index.php?id=17161\">nombreux outils</a> sont \u00e0 leur disposition pour s'informer sur les fili\u00e8res.\r\n</p>\r\n<p>De m\u00eame, une immersion peut engendrer des r\u00e9actions fortes de la part\r\n des \u00e9l\u00e8ves. Il est donc b\u00e9n\u00e9fique de prendre un temps pour en discuter \r\navec eux par la suite.\r\n</p>\r\n<p>Le <strong>service Lyc\u00e9ens</strong> d'<em>Espace Avenir</em> est \u00e0 votre disposition si vous avez des questions : <a href=\"mailto:espace-avenir-lyceens-immersions@unistra.fr\">espace-avenir-lyceens-immersions@unistra.fr</a>.</p>\r\n\t\t\r\n\t\t\t</div>\r\n\t\r\n\t\t\r\n\t\r\n\t\t<div id=\"c58941\" class=\"csc-default\">\r\n\t\t\r\n\t\t\t<h3><span>Encadrement des \u00e9l\u00e8ves sur place</span></h3>\r\n\t\t\r\n\t\t\t\r\n\t\t\r\n\t\t\t<p>Aucune immersion de groupe d'\u00e9l\u00e8ve ne pourra se faire sans la pr\u00e9sence d'un accompagnateur du lyc\u00e9e.</p><br></div><br>",
        "description": "Ce texte est celui affich\u00e9 sur la page de proc\u00e9dure dans le second bloc",
        "active": true
    }
},
{
    "model": "core.informationtext",
    "pk": 7,
    "fields": {
        "label": "Texte d'explication sur l'accompagnement",
        "code": "ACCOMPAGNEMENT",
        "content": "<p>Vous trouverez ici tous les documents d'accompagnement qui vous aideront \u00e0 faire de ce dispositif une r\u00e9ussite. </p>",
        "description": "Ce texte est celui affich\u00e9 sur la page d'accompagnement dans le premier bloc",
        "active": true
    }
},
{
    "model": "core.informationtext",
    "pk": 8,
    "fields": {
        "label": "Texte d'introduction sur l'accompagnement",
        "code": "INTRO_ACCOMPAGNEMENT",
        "content": "<p>Lorem Elsass Ipsum mitt picon bi\u00e8re munster du ftomi! Ponchour bisame. Flammekueche kn\u00e8kes rossbolla schneck choucroute un schwanz geburtst\u00e0g, Gal!</p>",
        "description": "Texte d'introduction sur l'accompagnement (page d'accueil)",
        "active": true
    }
},
{
    "model": "core.informationtext",
    "pk": 9,
    "fields": {
        "label": "Texte d'introduction sur l'offre",
        "code": "INTRO_OFFER",
        "content": "<p>Lorem Elsass Ipsum mitt picon bi\u00e8re munster du ftomi! Ponchour bisame. Flammekueche kn\u00e8kes rossbolla schneck choucroute un schwanz geburtst\u00e0g, Gal!</p>",
        "description": "Texte d'intro sur l'offre (page accueil)",
        "active": true
    }
},
{
    "model": "core.informationtext",
    "pk": 10,
    "fields": {
        "label": "Texte d'introduction sur la proc\u00e9dure",
        "code": "INTRO_PROCEDURE",
        "content": "<p>Lorem Elsass Ipsum mitt picon bi\u00e8re munster du ftomi! Ponchour bisame. Flammekueche kn\u00e8kes rossbolla schneck choucroute un schwanz geburtst\u00e0g, Gal!</p>",
        "description": "Texte d'introduction sur la proc\u00e9dure (page d'accueil)",
        "active": true
    }
},
{
    "model": "core.accompanyingdocument",
    "pk": 4,
    "fields": {
        "label": "Comment pr\u00e9parer son immersion ?",
        "description": "Tous les conseils \u00e0 suivre avant de venir",
        "active": true,
        "document": "uploads/accompanyingdocs/2020/Fiche_d_inscription_action_collective.doc",
        "public_type": [
            1,
            4
        ]
    }
},
{
    "model": "core.accompanyingdocument",
    "pk": 7,
    "fields": {
        "label": "Comment venir \u00e0 Strasbourg ?",
        "description": "Comment venir \u00e0 Strasbourg",
        "active": true,
        "document": "uploads/accompanyingdocs/2020/190624_immersionLyceens_US4.docx",
        "public_type": [
            1
        ]
    }
},
{
    "model": "core.accompanyingdocument",
    "pk": 8,
    "fields": {
        "label": "Comment pr\u00e9parer une immersion ?",
        "description": "Pr\u00e9parer une immersion c'est plus sympa pour les lyc\u00e9ens, ne pas les ignorer et faire un petit truc pour eux. D\u00e9couvrez tous nos conseils.",
        "active": true,
        "document": "uploads/accompanyingdocs/2020/VISION-ImmersionLyceens.pdf",
        "public_type": [
            2
        ]
    }
},
{
    "model": "core.accompanyingdocument",
    "pk": 9,
    "fields": {
        "label": "D\u00e9couvrir nos dipl\u00f4mes pour se r\u00e9orienter",
        "description": "D\u00e9couvrez comment faire une immersion dans un autre dipl\u00f4me afin d'envisager une reorientation",
        "active": true,
        "document": "uploads/accompanyingdocs/2020/affiche.pdf",
        "public_type": [
            4
        ]
    }
},
{
    "model": "core.publicdocument",
    "pk": 1,
    "fields": {
        "label": "Convention Lyc\u00e9e",
        "active": true,
        "document": "uploads/publicdocs/2020/Convention_immersions_Universites-lycee_2019-20-1.docx",
        "published": true
    }
},
{
    "model": "core.publicdocument",
    "pk": 2,
    "fields": {
        "label": "Mode d'emploi",
        "active": true,
        "document": "uploads/publicdocs/2020/Immersions_universites_-_mode_d_emploi_2019-20.pdf",
        "published": true
    }
},
{
    "model": "core.publicdocument",
    "pk": 3,
    "fields": {
        "label": "Document test",
        "active": true,
        "document": "uploads/publicdocs/2020/190612_immersionLyceens_US3_Magali.docx",
        "published": false
    }
},
{
    "model": "core.evaluationtype",
    "pk": 1,
    "fields": {
        "code": "EVA_CRENEAU",
        "label": "\u00c9valuation d'un cr\u00e9neau"
    }
},
{
    "model": "core.evaluationtype",
    "pk": 2,
    "fields": {
        "code": "EVA_DISPOSITIF",
        "label": "\u00c9valuation du dispositif"
    }
},
{
    "model": "core.evaluationformlink",
    "pk": 1,
    "fields": {
        "url": "https://unistra.fr",
        "active": true
    }
},
{
    "model": "core.evaluationformlink",
    "pk": 2,
    "fields": {
        "url": "https://arts.unistra.fr/",
        "active": true
    }
},
{
    "model": "core.generalsettings",
    "pk": 1,
    "fields": {
        "setting": "TWITTER_ACCOUNT_URL",
        "value": "https://twitter.com/unistra?ref_src=twsrc%5Etfw",
        "description": ""
    }
},
{
    "model": "core.generalsettings",
    "pk": 2,
    "fields": {
        "setting": "PLATFORM_URL",
        "value": "https://immersionlyceens.unistra.fr",
        "description": ""
    }
},
{
    "model": "core.generalsettings",
    "pk": 3,
    "fields": {
        "setting": "MAIL_FROM",
        "value": "noreply@mon-domaine.fr",
        "description": ""
    }
},
{
    "model": "core.generalsettings",
    "pk": 4,
    "fields": {
        "setting": "GLOBAL_MAILING_LIST",
        "value": "liste-immersion@mon-domaine.fr",
        "description": ""
    }
},
{
    "model": "core.generalsettings",
    "pk": 5,
    "fields": {
        "setting": "NB_DAYS_SLOT_REMINDER",
        "value": "3",
        "description": ""
    }
},
{
    "model": "core.generalsettings",
    "pk": 6,
    "fields": {
        "setting": "NB_DAYS_TEACHER_SLOT_REMINDER",
        "value": "3",
        "description": ""
    }
},
{
    "model": "core.generalsettings",
    "pk": 7,
    "fields": {
        "setting": "NB_WEEKS_COMPONENTS_SLOT_REMINDER",
        "value": "1",
        "description": ""
    }
},
{
    "model": "core.generalsettings",
    "pk": 8,
    "fields": {
        "setting": "MAIL_CONTACT_SCUIO_IP",
        "value": "scuio_ip@somewhere.og",
        "description": ""
    }
},
{
    "model": "core.generalsettings",
    "pk": 10,
    "fields": {
        "setting": "CONTACT_FORM_URL",
        "value": "https://dynamic-forms.app.unistra.fr/form/1/read/1",
        "description": ""
    }
},
{
    "model": "core.usercoursealert",
    "pk": 1,
    "fields": {
        "email": "poulet@unistra.fr",
        "email_sent": true,
        "alert_date": "2020-03-30",
        "course": 21
    }
},
{
    "model": "core.usercoursealert",
    "pk": 2,
    "fields": {
        "email": "toto@toto.com",
        "email_sent": true,
        "alert_date": "2020-03-30",
        "course": 21
    }
},
{
    "model": "core.usercoursealert",
    "pk": 3,
    "fields": {
        "email": "sf@unistra.fr",
        "email_sent": true,
        "alert_date": "2020-04-01",
        "course": 24
    }
},
{
    "model": "core.usercoursealert",
    "pk": 4,
    "fields": {
        "email": "test2@unistra.fr",
        "email_sent": true,
        "alert_date": "2020-04-02",
        "course": 5
    }
},
{
    "model": "core.usercoursealert",
    "pk": 5,
    "fields": {
        "email": "emilienine@gmail.com",
        "email_sent": false,
        "alert_date": "2020-04-02",
        "course": 9
    }
},
{
    "model": "core.usercoursealert",
    "pk": 6,
    "fields": {
        "email": "brice@gmail.com",
        "email_sent": true,
        "alert_date": "2020-04-03",
        "course": 21
    }
},
{
    "model": "core.usercoursealert",
    "pk": 7,
    "fields": {
        "email": "test@unistra.fr",
        "email_sent": true,
        "alert_date": "2020-04-03",
        "course": 26
    }
},
{
    "model": "core.usercoursealert",
    "pk": 8,
    "fields": {
        "email": "emilienine@gmail.com",
        "email_sent": true,
        "alert_date": "2020-04-06",
        "course": 19
    }
},
{
    "model": "core.usercoursealert",
    "pk": 9,
    "fields": {
        "email": "brice@gmail.com",
        "email_sent": true,
        "alert_date": "2020-04-06",
        "course": 19
    }
},
{
    "model": "core.usercoursealert",
    "pk": 10,
    "fields": {
        "email": "brice@gmail.com",
        "email_sent": true,
        "alert_date": "2020-04-06",
        "course": 5
    }
},
{
    "model": "core.usercoursealert",
    "pk": 11,
    "fields": {
        "email": "sylvain.bidon@etu.unistra.fr",
        "email_sent": true,
        "alert_date": "2020-04-09",
        "course": 28
    }
},
{
    "model": "core.usercoursealert",
    "pk": 12,
    "fields": {
        "email": "sylvain.bidon@etu.unistra.fr",
        "email_sent": true,
        "alert_date": "2020-04-14",
        "course": 30
    }
},
{
    "model": "core.usercoursealert",
    "pk": 13,
    "fields": {
        "email": "greg@gmail.com",
        "email_sent": false,
        "alert_date": "2020-04-17",
        "course": 8
    }
},
{
    "model": "core.usercoursealert",
    "pk": 14,
    "fields": {
        "email": "brice@gmail.com",
        "email_sent": true,
        "alert_date": "2020-04-17",
        "course": 23
    }
},
{
    "model": "core.usercoursealert",
    "pk": 15,
    "fields": {
        "email": "brice@gmail.com",
        "email_sent": false,
        "alert_date": "2020-04-17",
        "course": 9
    }
},
{
    "model": "core.usercoursealert",
    "pk": 16,
    "fields": {
        "email": "brice@gmail.com",
        "email_sent": true,
        "alert_date": "2020-04-17",
        "course": 25
    }
},
{
    "model": "core.usercoursealert",
    "pk": 17,
    "fields": {
        "email": "brice@gmail.com",
        "email_sent": true,
        "alert_date": "2020-04-17",
        "course": 28
    }
},
{
    "model": "core.highereducationinstitution",
    "pk": "0022134J",
    "fields": {
        "label": "\u00c9cole d'ing\u00e9nierie des sciences a\u00e9rospatiales",
        "city": "Saint-Quentin",
        "department": "Aisne",
        "zip_code": "02100",
        "country": "France"
    }
},
{
    "model": "core.highereducationinstitution",
    "pk": "0060099A",
    "fields": {
        "label": "Observatoire de la c\u00f4te d'azur",
        "city": "Nice",
        "department": "Alpes-Maritimes",
        "zip_code": "06304",
        "country": "France"
    }
},
{
    "model": "core.highereducationinstitution",
    "pk": "0060836B",
    "fields": {
        "label": "Villa Arson",
        "city": "Nice",
        "department": "Alpes-Maritimes",
        "zip_code": "06105",
        "country": "France"
    }
},
{
    "model": "core.highereducationinstitution",
    "pk": "0061809J",
    "fields": {
        "label": "\u00c9cole sup\u00e9rieure de danse de Cannes Rosella Hightower",
        "city": "Mougins",
        "department": "Alpes-Maritimes",
        "zip_code": "06250",
        "country": "France"
    }
},
{
    "model": "core.highereducationinstitution",
    "pk": "0062068R",
    "fields": {
        "label": "Conservatoire \u00e0 rayonnement r\u00e9gional de Nice",
        "city": "Nice",
        "department": "Alpes-Maritimes",
        "zip_code": "06364",
        "country": "France"
    }
},
{
    "model": "core.highereducationinstitution",
    "pk": "0062120X",
    "fields": {
        "label": "The Sustainable Design School",
        "city": "Nice",
        "department": "Alpes-Maritimes",
        "zip_code": "06800",
        "country": "France"
    }
},
{
    "model": "core.highereducationinstitution",
    "pk": "0062143X",
    "fields": {
        "label": "Centre international de cr\u00e9ation musicale",
        "city": "Nice",
        "department": "Alpes-Maritimes",
        "zip_code": "06000",
        "country": "France"
    }
},
{
    "model": "core.highereducationinstitution",
    "pk": "0062205P",
    "fields": {
        "label": "Universit\u00e9 C\u00f4te d'Azur",
        "city": "Nice",
        "department": "Alpes-Maritimes",
        "zip_code": "06103",
        "country": "France"
    }
},
{
    "model": "core.highereducationinstitution",
    "pk": "0101059X",
    "fields": {
        "label": "Groupe \u00c9cole Sup\u00e9rieure de Commerce de Troyes",
        "city": "Troyes",
        "department": "Aube",
        "zip_code": "10000",
        "country": "France"
    }
},
{
    "model": "core.highereducationinstitution",
    "pk": "0101060Y",
    "fields": {
        "label": "Universit\u00e9 de technologie de Troyes",
        "city": "Troyes",
        "department": "Aube",
        "zip_code": "10004",
        "country": "France"
    }
},
{
    "model": "core.highereducationinstitution",
    "pk": "0130221V",
    "fields": {
        "label": "Institut d'\u00e9tudes politiques d'Aix-en-Provence",
        "city": "Aix-en-Provence",
        "department": "Bouches-du-Rh\u00f4ne",
        "zip_code": "13625",
        "country": "France"
    }
},
{
    "model": "core.highereducationinstitution",
    "pk": "0130230E",
    "fields": {
        "label": "\u00c9cole de l'air",
        "city": "Salon-de-Provence",
        "department": "Bouches-du-Rh\u00f4ne",
        "zip_code": "13661",
        "country": "France"
    }
},
{
    "model": "core.highereducationinstitution",
    "pk": "0130238N",
    "fields": {
        "label": "Institut sup\u00e9rieur du b\u00e2timent et des travaux publics",
        "city": "Marseille 13e",
        "department": "Bouches-du-Rh\u00f4ne",
        "zip_code": "13453",
        "country": "France"
    }
},
{
    "model": "core.highereducationinstitution",
    "pk": "0133774G",
    "fields": {
        "label": "\u00c9cole centrale de Marseille",
        "city": "Marseille 13e",
        "department": "Bouches-du-Rh\u00f4ne",
        "zip_code": "13451",
        "country": "France"
    }
},
{
    "model": "core.highereducationinstitution",
    "pk": "0134009M",
    "fields": {
        "label": "Aix-Marseille Universit\u00e9",
        "city": "Marseille 7e",
        "department": "Bouches-du-Rh\u00f4ne",
        "zip_code": "13284",
        "country": "France"
    }
},
{
    "model": "core.highereducationinstitution",
    "pk": "0141408E",
    "fields": {
        "label": "Universit\u00e9 de Caen Normandie",
        "city": "Caen",
        "department": "Calvados",
        "zip_code": "14032",
        "country": "France"
    }
},
{
    "model": "core.highereducationinstitution",
    "pk": "0141432F",
    "fields": {
        "label": "\u00c9cole sup\u00e9rieure d'arts et m\u00e9dias de Caen - Cherbourg",
        "city": "Caen",
        "department": "Calvados",
        "zip_code": "14000",
        "country": "France"
    }
},
{
    "model": "core.highereducationinstitution",
    "pk": "0141720U",
    "fields": {
        "label": "\u00c9cole nationale sup\u00e9rieure d'ing\u00e9nieurs de Caen",
        "city": "Caen",
        "department": "Calvados",
        "zip_code": "14050",
        "country": "France"
    }
},
{
    "model": "core.highereducationinstitution",
    "pk": "0142182W",
    "fields": {
        "label": "\u00c9cole sup\u00e9rieure d'ing\u00e9nieurs des travaux de la construction de Caen",
        "city": "\u00c9pron",
        "department": "Calvados",
        "zip_code": "14610",
        "country": "France"
    }
},
{
    "model": "core.highereducationinstitution",
    "pk": "0142382N",
    "fields": {
        "label": "Normandie Universit\u00e9",
        "city": "Caen",
        "department": "Calvados",
        "zip_code": "14032",
        "country": "France"
    }
},
{
    "model": "core.highereducationinstitution",
    "pk": "0171427J",
    "fields": {
        "label": "Groupe Sup de Co La Rochelle",
        "city": "La Rochelle",
        "department": "Charente-Maritime",
        "zip_code": "17000",
        "country": "France"
    }
},
{
    "model": "core.highereducationinstitution",
    "pk": "0171435T",
    "fields": {
        "label": "\u00c9cole d'ing\u00e9nieurs en g\u00e9nie des syst\u00e8mes industriels",
        "city": "La Rochelle",
        "department": "Charente-Maritime",
        "zip_code": "17041",
        "country": "France"
    }
},
{
    "model": "core.highereducationinstitution",
    "pk": "0171463Y",
    "fields": {
        "label": "La Rochelle Universit\u00e9",
        "city": "La Rochelle",
        "department": "Charente-Maritime",
        "zip_code": "17071",
        "country": "France"
    }
},
{
    "model": "core.highereducationinstitution",
    "pk": "0180974L",
    "fields": {
        "label": "Institut national des sciences appliqu\u00e9es Centre Val de Loire",
        "city": "Bourges",
        "department": "Cher",
        "zip_code": "18022",
        "country": "France"
    }
},
{
    "model": "core.highereducationinstitution",
    "pk": "0210099U",
    "fields": {
        "label": "\u00c9cole sup\u00e9rieure de commerce de Dijon-Bourgogne",
        "city": "Dijon",
        "department": "C\u00f4te-d'Or",
        "zip_code": "21006",
        "country": "France"
    }
},
{
    "model": "core.highereducationinstitution",
    "pk": "0211237F",
    "fields": {
        "label": "Universit\u00e9 de Bourgogne",
        "city": "Dijon",
        "department": "C\u00f4te-d'Or",
        "zip_code": "21078",
        "country": "France"
    }
},
{
    "model": "core.highereducationinstitution",
    "pk": "0212198A",
    "fields": {
        "label": "Institut national sup\u00e9rieur des sciences agronomiques, de l'alimentation et de l'environnement",
        "city": "Dijon",
        "department": "C\u00f4te-d'Or",
        "zip_code": "21079",
        "country": "France"
    }
},
{
    "model": "core.highereducationinstitution",
    "pk": "0250082D",
    "fields": {
        "label": "\u00c9cole nationale sup\u00e9rieure de m\u00e9canique et des microtechniques",
        "city": "Besan\u00e7on",
        "department": "Doubs",
        "zip_code": "25030",
        "country": "France"
    }
},
{
    "model": "core.highereducationinstitution",
    "pk": "0251215K",
    "fields": {
        "label": "Universit\u00e9 de Franche-Comt\u00e9",
        "city": "Besan\u00e7on",
        "department": "Doubs",
        "zip_code": "25030",
        "country": "France"
    }
},
{
    "model": "core.highereducationinstitution",
    "pk": "0251985X",
    "fields": {
        "label": "Universit\u00e9 Bourgogne - Franche-Comt\u00e9",
        "city": "Besan\u00e7on",
        "department": "Doubs",
        "zip_code": "25000",
        "country": "France"
    }
},
{
    "model": "core.highereducationinstitution",
    "pk": "0290119X",
    "fields": {
        "label": "\u00c9cole nationale d'ing\u00e9nieurs de Brest",
        "city": "Brest",
        "department": "Finist\u00e8re",
        "zip_code": "29238",
        "country": "France"
    }
},
{
    "model": "core.highereducationinstitution",
    "pk": "0290124C",
    "fields": {
        "label": "\u00c9cole navale",
        "city": "Lanv\u00e9oc",
        "department": "Finist\u00e8re",
        "zip_code": "29240",
        "country": "France"
    }
},
{
    "model": "core.highereducationinstitution",
    "pk": "0290125D",
    "fields": {
        "label": "\u00c9cole nationale sup\u00e9rieure de techniques avanc\u00e9es Bretagne",
        "city": "Brest",
        "department": "Finist\u00e8re",
        "zip_code": "29806",
        "country": "France"
    }
},
{
    "model": "core.highereducationinstitution",
    "pk": "0290346U",
    "fields": {
        "label": "Universit\u00e9 de Bretagne Occidentale",
        "city": "Brest",
        "department": "Finist\u00e8re",
        "zip_code": "29238",
        "country": "France"
    }
},
{
    "model": "core.highereducationinstitution",
    "pk": "0292125C",
    "fields": {
        "label": "Institut sup\u00e9rieur de l'\u00e9lectronique et du num\u00e9rique de Brest",
        "city": "Brest",
        "department": "Finist\u00e8re",
        "zip_code": "29228",
        "country": "France"
    }
},
{
    "model": "core.highereducationinstitution",
    "pk": "0301687W",
    "fields": {
        "label": "Universit\u00e9 de N\u00eemes",
        "city": "N\u00eemes",
        "department": "Gard",
        "zip_code": "30021",
        "country": "France"
    }
},
{
    "model": "core.highereducationinstitution",
    "pk": "0310133B",
    "fields": {
        "label": "Institut d'\u00e9tudes politiques de Toulouse",
        "city": "Toulouse",
        "department": "Haute-Garonne",
        "zip_code": "31042",
        "country": "France"
    }
},
{
    "model": "core.highereducationinstitution",
    "pk": "0310143M",
    "fields": {
        "label": "\u00c9cole nationale sup\u00e9rieure de formation de l\u2019enseignement agricole",
        "city": "Castanet-Tolosan",
        "department": "Haute-Garonne",
        "zip_code": "31326",
        "country": "France"
    }
},
{
    "model": "core.highereducationinstitution",
    "pk": "0310144N",
    "fields": {
        "label": "Institut sup\u00e9rieur des arts de Toulouse",
        "city": "Toulouse",
        "department": "Haute-Garonne",
        "zip_code": "31000",
        "country": "France"
    }
},
{
    "model": "core.highereducationinstitution",
    "pk": "0310150V",
    "fields": {
        "label": "\u00c9cole nationale sup\u00e9rieure d'architecture de Toulouse",
        "city": "Toulouse",
        "department": "Haute-Garonne",
        "zip_code": "31106",
        "country": "France"
    }
},
{
    "model": "core.highereducationinstitution",
    "pk": "0310152X",
    "fields": {
        "label": "Institut national des sciences appliqu\u00e9es de Toulouse",
        "city": "Toulouse",
        "department": "Haute-Garonne",
        "zip_code": "31077",
        "country": "France"
    }
},
{
    "model": "core.highereducationinstitution",
    "pk": "0310153Y",
    "fields": {
        "label": "\u00c9cole nationale v\u00e9t\u00e9rinaire de Toulouse",
        "city": "Toulouse",
        "department": "Haute-Garonne",
        "zip_code": "31076",
        "country": "France"
    }
},
{
    "model": "core.highereducationinstitution",
    "pk": "0310154Z",
    "fields": {
        "label": "\u00c9cole d'ing\u00e9nieurs de Purpan",
        "city": "Toulouse",
        "department": "Haute-Garonne",
        "zip_code": "31076",
        "country": "France"
    }
},
{
    "model": "core.highereducationinstitution",
    "pk": "0310155A",
    "fields": {
        "label": "Institut catholique de Toulouse",
        "city": "Toulouse",
        "department": "Haute-Garonne",
        "zip_code": "31068",
        "country": "France"
    }
},
{
    "model": "core.highereducationinstitution",
    "pk": "0310156B",
    "fields": {
        "label": "Toulouse Business School",
        "city": "Toulouse",
        "department": "Haute-Garonne",
        "zip_code": "31068",
        "country": "France"
    }
},
{
    "model": "core.highereducationinstitution",
    "pk": "0311256X",
    "fields": {
        "label": "\u00c9cole nationale de l'aviation civile",
        "city": "Toulouse",
        "department": "Haute-Garonne",
        "zip_code": "31055",
        "country": "France"
    }
},
{
    "model": "core.highereducationinstitution",
    "pk": "0311381H",
    "fields": {
        "label": "Institut national polytechnique de Toulouse",
        "city": "Toulouse",
        "department": "Haute-Garonne",
        "zip_code": "31029",
        "country": "France"
    }
},
{
    "model": "core.highereducationinstitution",
    "pk": "0311382J",
    "fields": {
        "label": "Universit\u00e9 Toulouse 1 - Capitole",
        "city": "Toulouse",
        "department": "Haute-Garonne",
        "zip_code": "31042",
        "country": "France"
    }
},
{
    "model": "core.highereducationinstitution",
    "pk": "0311383K",
    "fields": {
        "label": "Universit\u00e9 Toulouse - Jean Jaur\u00e8s",
        "city": "Toulouse",
        "department": "Haute-Garonne",
        "zip_code": "31058",
        "country": "France"
    }
},
{
    "model": "core.highereducationinstitution",
    "pk": "0311384L",
    "fields": {
        "label": "Universit\u00e9 de Toulouse 3 - Paul Sabatier",
        "city": "Toulouse",
        "department": "Haute-Garonne",
        "zip_code": "31062",
        "country": "France"
    }
},
{
    "model": "core.highereducationinstitution",
    "pk": "0312069F",
    "fields": {
        "label": "\u00c9cole nationale de la m\u00e9t\u00e9orologie",
        "city": "Toulouse",
        "department": "Haute-Garonne",
        "zip_code": "31057",
        "country": "France"
    }
},
{
    "model": "core.highereducationinstitution",
    "pk": "0312561R",
    "fields": {
        "label": "Centre de ressources, d'expertise et de performance sportives de Toulouse",
        "city": "Toulouse",
        "department": "Haute-Garonne",
        "zip_code": "31055",
        "country": "France"
    }
},
{
    "model": "core.highereducationinstitution",
    "pk": "0312758E",
    "fields": {
        "label": "Universit\u00e9 f\u00e9d\u00e9rale de Toulouse Midi-Pyr\u00e9n\u00e9es",
        "city": "Toulouse",
        "department": "Haute-Garonne",
        "zip_code": "31013",
        "country": "France"
    }
},
{
    "model": "core.highereducationinstitution",
    "pk": "0312760G",
    "fields": {
        "label": "Institut sup\u00e9rieur de l'a\u00e9ronautique et de l'espace",
        "city": "Toulouse",
        "department": "Haute-Garonne",
        "zip_code": "31055",
        "country": "France"
    }
},
{
    "model": "core.highereducationinstitution",
    "pk": "0330192E",
    "fields": {
        "label": "Institut d'\u00e9tudes politiques de Bordeaux",
        "city": "Pessac",
        "department": "Gironde",
        "zip_code": "33607",
        "country": "France"
    }
},
{
    "model": "core.highereducationinstitution",
    "pk": "0330203S",
    "fields": {
        "label": "\u00c9cole nationale sup\u00e9rieure des sciences agronomiques de Bordeaux Aquitaine",
        "city": "Gradignan",
        "department": "Gironde",
        "zip_code": "33175",
        "country": "France"
    }
},
{
    "model": "core.highereducationinstitution",
    "pk": "0331766R",
    "fields": {
        "label": "Universit\u00e9 Bordeaux-Montaigne",
        "city": "Pessac",
        "department": "Gironde",
        "zip_code": "33607",
        "country": "France"
    }
},
{
    "model": "core.highereducationinstitution",
    "pk": "0333178A",
    "fields": {
        "label": "Communaut\u00e9 d'universit\u00e9s et \u00e9tablissements d'Aquitaine",
        "city": "Bordeaux",
        "department": "Gironde",
        "zip_code": "33000",
        "country": "France"
    }
},
{
    "model": "core.highereducationinstitution",
    "pk": "0333232J",
    "fields": {
        "label": "Institut polytechnique de Bordeaux",
        "city": "Talence",
        "department": "Gironde",
        "zip_code": "33402",
        "country": "France"
    }
},
{
    "model": "core.highereducationinstitution",
    "pk": "0333298F",
    "fields": {
        "label": "Universit\u00e9 de Bordeaux",
        "city": "Talence",
        "department": "Gironde",
        "zip_code": "33405",
        "country": "France"
    }
},
{
    "model": "core.highereducationinstitution",
    "pk": "0333326L",
    "fields": {
        "label": "KEDGE Business School",
        "city": "Talence",
        "department": "Gironde",
        "zip_code": "33405",
        "country": "France"
    }
},
{
    "model": "core.highereducationinstitution",
    "pk": "0340112M",
    "fields": {
        "label": "\u00c9cole nationale sup\u00e9rieure de chimie de Montpellier",
        "city": "Montpellier",
        "department": "H\u00e9rault",
        "zip_code": "34296",
        "country": "France"
    }
},
{
    "model": "core.highereducationinstitution",
    "pk": "0340137P",
    "fields": {
        "label": "Montpellier Business School",
        "city": "Montpellier",
        "department": "H\u00e9rault",
        "zip_code": "34185",
        "country": "France"
    }
},
{
    "model": "core.highereducationinstitution",
    "pk": "0341089Z",
    "fields": {
        "label": "Universit\u00e9 Montpellier 3 - Paul-Val\u00e9ry",
        "city": "Montpellier",
        "department": "H\u00e9rault",
        "zip_code": "34199",
        "country": "France"
    }
},
{
    "model": "core.highereducationinstitution",
    "pk": "0342321N",
    "fields": {
        "label": "Universit\u00e9 de Montpellier",
        "city": "Montpellier",
        "department": "H\u00e9rault",
        "zip_code": "34090",
        "country": "France"
    }
},
{
    "model": "core.highereducationinstitution",
    "pk": "0350077U",
    "fields": {
        "label": "\u00c9cole nationale sup\u00e9rieure de chimie de Rennes",
        "city": "Rennes",
        "department": "Ille-et-Vilaine",
        "zip_code": "35708",
        "country": "France"
    }
},
{
    "model": "core.highereducationinstitution",
    "pk": "0350095N",
    "fields": {
        "label": "\u00c9cole des hautes \u00e9tudes en sant\u00e9 publique",
        "city": "Rennes",
        "department": "Ille-et-Vilaine",
        "zip_code": "35043",
        "country": "France"
    }
},
{
    "model": "core.highereducationinstitution",
    "pk": "0350097R",
    "fields": {
        "label": "Institut national des sciences appliqu\u00e9es de Rennes",
        "city": "Rennes",
        "department": "Ille-et-Vilaine",
        "zip_code": "35708",
        "country": "France"
    }
},
{
    "model": "core.highereducationinstitution",
    "pk": "0350936C",
    "fields": {
        "label": "Universit\u00e9 de Rennes 1",
        "city": "Rennes",
        "department": "Ille-et-Vilaine",
        "zip_code": "35065",
        "country": "France"
    }
},
{
    "model": "core.highereducationinstitution",
    "pk": "0350937D",
    "fields": {
        "label": "Universit\u00e9 Rennes 2",
        "city": "Rennes",
        "department": "Ille-et-Vilaine",
        "zip_code": "35043",
        "country": "France"
    }
},
{
    "model": "core.highereducationinstitution",
    "pk": "0352305R",
    "fields": {
        "label": "\u00c9cole sup\u00e9rieure de commerce de Rennes",
        "city": "Rennes",
        "department": "Ille-et-Vilaine",
        "zip_code": "35065",
        "country": "France"
    }
},
{
    "model": "core.highereducationinstitution",
    "pk": "0352317D",
    "fields": {
        "label": "Institut d'\u00e9tudes politiques de Rennes",
        "city": "Rennes",
        "department": "Ille-et-Vilaine",
        "zip_code": "35042",
        "country": "France"
    }
},
{
    "model": "core.highereducationinstitution",
    "pk": "0352337A",
    "fields": {
        "label": "ECAM Rennes Louis de Broglie",
        "city": "Bruz",
        "department": "Ille-et-Vilaine",
        "zip_code": "35170",
        "country": "France"
    }
},
{
    "model": "core.highereducationinstitution",
    "pk": "0352349N",
    "fields": {
        "label": "Institut catholique de Rennes",
        "city": "Bruz",
        "department": "Ille-et-Vilaine",
        "zip_code": "35170",
        "country": "France"
    }
},
{
    "model": "core.highereducationinstitution",
    "pk": "0352373P",
    "fields": {
        "label": "\u00c9cole des m\u00e9tiers de l'environnement",
        "city": "Bruz",
        "department": "Ille-et-Vilaine",
        "zip_code": "35170",
        "country": "France"
    }
},
{
    "model": "core.highereducationinstitution",
    "pk": "0352440M",
    "fields": {
        "label": "\u00c9cole normale sup\u00e9rieure de Rennes",
        "city": "Bruz",
        "department": "Ille-et-Vilaine",
        "zip_code": "35170",
        "country": "France"
    }
},
{
    "model": "core.highereducationinstitution",
    "pk": "0352480F",
    "fields": {
        "label": "\u00c9cole nationale de la statistique et de l'analyse de l'information",
        "city": "Bruz",
        "department": "Ille-et-Vilaine",
        "zip_code": "35172",
        "country": "France"
    }
},
{
    "model": "core.highereducationinstitution",
    "pk": "0370800U",
    "fields": {
        "label": "Universit\u00e9 de Tours",
        "city": "Tours",
        "department": "Indre-et-Loire",
        "zip_code": "37020",
        "country": "France"
    }
},
{
    "model": "core.highereducationinstitution",
    "pk": "0380134P",
    "fields": {
        "label": "Institut d'\u00e9tudes politiques de Grenoble",
        "city": "Saint-Martin-d'H\u00e8res",
        "department": "Is\u00e8re",
        "zip_code": "38040",
        "country": "France"
    }
},
{
    "model": "core.highereducationinstitution",
    "pk": "0380141X",
    "fields": {
        "label": "\u00c9cole nationale sup\u00e9rieure d'architecture de Grenoble",
        "city": "Grenoble",
        "department": "Is\u00e8re",
        "zip_code": "38036",
        "country": "France"
    }
},
{
    "model": "core.highereducationinstitution",
    "pk": "0381912X",
    "fields": {
        "label": "Grenoble INP",
        "city": "Grenoble",
        "department": "Is\u00e8re",
        "zip_code": "38031",
        "country": "France"
    }
},
{
    "model": "core.highereducationinstitution",
    "pk": "0383546Y",
    "fields": {
        "label": "Universit\u00e9 Grenoble Alpes",
        "city": "Saint-Martin-d'H\u00e8res",
        "department": "Is\u00e8re",
        "zip_code": "38040",
        "country": "France"
    }
},
{
    "model": "core.highereducationinstitution",
    "pk": "0420093Y",
    "fields": {
        "label": "\u00c9cole nationale d'ing\u00e9nieurs de Saint-\u00c9tienne",
        "city": "Saint-\u00c9tienne",
        "department": "Loire",
        "zip_code": "42023",
        "country": "France"
    }
},
{
    "model": "core.highereducationinstitution",
    "pk": "0421095M",
    "fields": {
        "label": "Universit\u00e9 Jean Monnet",
        "city": "Saint-\u00c9tienne",
        "department": "Loire",
        "zip_code": "42023",
        "country": "France"
    }
},
{
    "model": "core.highereducationinstitution",
    "pk": "0440100V",
    "fields": {
        "label": "\u00c9cole centrale de Nantes",
        "city": "Nantes",
        "department": "Loire-Atlantique",
        "zip_code": "44321",
        "country": "France"
    }
},
{
    "model": "core.highereducationinstitution",
    "pk": "0440984F",
    "fields": {
        "label": "Universit\u00e9 de Nantes",
        "city": "Nantes",
        "department": "Loire-Atlantique",
        "zip_code": "44035",
        "country": "France"
    }
},
{
    "model": "core.highereducationinstitution",
    "pk": "0441916U",
    "fields": {
        "label": "\u00c9cole nationale v\u00e9t\u00e9rinaire, agroalimentaire et de l'alimentation, Nantes-Atlantique",
        "city": "Nantes",
        "department": "Loire-Atlantique",
        "zip_code": "44307",
        "country": "France"
    }
},
{
    "model": "core.highereducationinstitution",
    "pk": "0442278M",
    "fields": {
        "label": "\u00c9cole sup\u00e9rieure du bois",
        "city": "Nantes",
        "department": "Loire-Atlantique",
        "zip_code": "44306",
        "country": "France"
    }
},
{
    "model": "core.highereducationinstitution",
    "pk": "0450855K",
    "fields": {
        "label": "Universit\u00e9 d'Orl\u00e9ans",
        "city": "Orl\u00e9ans",
        "department": "Loiret",
        "zip_code": "45067",
        "country": "France"
    }
},
{
    "model": "core.highereducationinstitution",
    "pk": "0490072M",
    "fields": {
        "label": "\u00c9cole sup\u00e9rieure d\u2019agriculture",
        "city": "Angers",
        "department": "Maine-et-Loire",
        "zip_code": "49007",
        "country": "France"
    }
},
{
    "model": "core.highereducationinstitution",
    "pk": "0490075R",
    "fields": {
        "label": "\u00c9cole sup\u00e9rieure d'\u00e9lectronique de l'Ouest",
        "city": "Angers",
        "department": "Maine-et-Loire",
        "zip_code": "49107",
        "country": "France"
    }
},
{
    "model": "core.highereducationinstitution",
    "pk": "0490076S",
    "fields": {
        "label": "\u00c9cole sup\u00e9rieure des sciences commerciales d'Angers",
        "city": "Angers",
        "department": "Maine-et-Loire",
        "zip_code": "49003",
        "country": "France"
    }
},
{
    "model": "core.highereducationinstitution",
    "pk": "0490811R",
    "fields": {
        "label": "Facult\u00e9s libres de l'Ouest",
        "city": "Angers",
        "department": "Maine-et-Loire",
        "zip_code": "49008",
        "country": "France"
    }
},
{
    "model": "core.highereducationinstitution",
    "pk": "0490970N",
    "fields": {
        "label": "Universit\u00e9 d'Angers",
        "city": "Angers",
        "department": "Maine-et-Loire",
        "zip_code": "49035",
        "country": "France"
    }
},
{
    "model": "core.highereducationinstitution",
    "pk": "0492062A",
    "fields": {
        "label": "Institut des relations publiques et de la communication d\u2019Angers",
        "city": "Les Ponts-de-C\u00e9",
        "department": "Maine-et-Loire",
        "zip_code": "49136",
        "country": "France"
    }
},
{
    "model": "core.highereducationinstitution",
    "pk": "0492246A",
    "fields": {
        "label": "\u00c9cole sup\u00e9rieure angevine en informatique et productique",
        "city": "Saint-Barth\u00e9lemy-d'Anjou",
        "department": "Maine-et-Loire",
        "zip_code": "49180",
        "country": "France"
    }
},
{
    "model": "core.highereducationinstitution",
    "pk": "0492466P",
    "fields": {
        "label": "\u00c9cole d'ing\u00e9nieur d'agro-d\u00e9veloppement international",
        "city": "Angers",
        "department": "Maine-et-Loire",
        "zip_code": "49000",
        "country": "France"
    }
},
{
    "model": "core.highereducationinstitution",
    "pk": "0510084P",
    "fields": {
        "label": "\u00c9cole sup\u00e9rieure d'art et de design de Reims",
        "city": "Reims",
        "department": "Marne",
        "zip_code": "51100",
        "country": "France"
    }
},
{
    "model": "core.highereducationinstitution",
    "pk": "0511296G",
    "fields": {
        "label": "Universit\u00e9 de Reims Champagne-Ardenne",
        "city": "Reims",
        "department": "Marne",
        "zip_code": "51097",
        "country": "France"
    }
},
{
    "model": "core.highereducationinstitution",
    "pk": "0511556P",
    "fields": {
        "label": "Institut r\u00e9gional du travail social de Champagne-Ardennes",
        "city": "Reims",
        "department": "Marne",
        "zip_code": "51100",
        "country": "France"
    }
},
{
    "model": "core.highereducationinstitution",
    "pk": "0511931X",
    "fields": {
        "label": "Centre national des arts du cirque",
        "city": "Ch\u00e2lons-en-Champagne",
        "department": "Marne",
        "zip_code": "51000",
        "country": "France"
    }
},
{
    "model": "core.highereducationinstitution",
    "pk": "0542455A",
    "fields": {
        "label": "ICN Business School",
        "city": "Nancy",
        "department": "Meurthe-et-Moselle",
        "zip_code": "54037",
        "country": "France"
    }
},
{
    "model": "core.highereducationinstitution",
    "pk": "0542493S",
    "fields": {
        "label": "Universit\u00e9 de Lorraine",
        "city": "Nancy",
        "department": "Meurthe-et-Moselle",
        "zip_code": "54052",
        "country": "France"
    }
},
{
    "model": "core.highereducationinstitution",
    "pk": "0560068V",
    "fields": {
        "label": "\u00c9cole sp\u00e9ciale militaire de Saint-Cyr",
        "city": "Guer",
        "department": "Morbihan",
        "zip_code": "56380",
        "country": "France"
    }
},
{
    "model": "core.highereducationinstitution",
    "pk": "0561718N",
    "fields": {
        "label": "Universit\u00e9 de Bretagne-Sud",
        "city": "Lorient",
        "department": "Morbihan",
        "zip_code": "56321",
        "country": "France"
    }
},
{
    "model": "core.highereducationinstitution",
    "pk": "0573389Z",
    "fields": {
        "label": "\u00c9cole sup\u00e9rieure d'ing\u00e9nieurs des travaux de la construction de Metz",
        "city": "Metz",
        "department": "Moselle",
        "zip_code": "57070",
        "country": "France"
    }
},
{
    "model": "core.highereducationinstitution",
    "pk": "0590338X",
    "fields": {
        "label": "\u00c9cole nationale sup\u00e9rieure des arts et industries textiles",
        "city": "Roubaix",
        "department": "Nord",
        "zip_code": "59056",
        "country": "France"
    }
},
{
    "model": "core.highereducationinstitution",
    "pk": "0590343C",
    "fields": {
        "label": "Groupe Institut sup\u00e9rieur d'agriculture de Lille",
        "city": "Lille",
        "department": "Nord",
        "zip_code": "59046",
        "country": "France"
    }
},
{
    "model": "core.highereducationinstitution",
    "pk": "0590344D",
    "fields": {
        "label": "Institut catholique de Lille",
        "city": "Lille",
        "department": "Nord",
        "zip_code": "59016",
        "country": "France"
    }
},
{
    "model": "core.highereducationinstitution",
    "pk": "0590345E",
    "fields": {
        "label": "Institut catholique d'arts et m\u00e9tiers",
        "city": "Lille",
        "department": "Nord",
        "zip_code": "59016",
        "country": "France"
    }
},
{
    "model": "core.highereducationinstitution",
    "pk": "0590346F",
    "fields": {
        "label": "Skema Business School",
        "city": "Lille",
        "department": "Nord",
        "zip_code": "59777",
        "country": "France"
    }
},
{
    "model": "core.highereducationinstitution",
    "pk": "0590347G",
    "fields": {
        "label": "Institut sup\u00e9rieur de l'\u00e9lectronique et du num\u00e9rique",
        "city": "Lille",
        "department": "Nord",
        "zip_code": "59046",
        "country": "France"
    }
},
{
    "model": "core.highereducationinstitution",
    "pk": "0590348H",
    "fields": {
        "label": "Hautes \u00e9tudes d'ing\u00e9nieur",
        "city": "Lille",
        "department": "Nord",
        "zip_code": "59046",
        "country": "France"
    }
},
{
    "model": "core.highereducationinstitution",
    "pk": "0590350K",
    "fields": {
        "label": "\u00c9cole des hautes \u00e9tudes commerciales du nord",
        "city": "Roubaix",
        "department": "Nord",
        "zip_code": "59057",
        "country": "France"
    }
},
{
    "model": "core.highereducationinstitution",
    "pk": "0593202K",
    "fields": {
        "label": "Institut d'\u00e9conomie scientifique et de gestion",
        "city": "Lille",
        "department": "Nord",
        "zip_code": "59800",
        "country": "France"
    }
},
{
    "model": "core.highereducationinstitution",
    "pk": "0593207R",
    "fields": {
        "label": "\u00c9cole sup\u00e9rieure de journalisme de Lille",
        "city": "Lille",
        "department": "Nord",
        "zip_code": "59046",
        "country": "France"
    }
},
{
    "model": "core.highereducationinstitution",
    "pk": "0595876S",
    "fields": {
        "label": "Institut d'\u00e9tudes politiques de Lille",
        "city": "Lille",
        "department": "Nord",
        "zip_code": "59000",
        "country": "France"
    }
},
{
    "model": "core.highereducationinstitution",
    "pk": "0595964M",
    "fields": {
        "label": "Universit\u00e9 du Littoral C\u00f4te d'Opale",
        "city": "Dunkerque",
        "department": "Nord",
        "zip_code": "59375",
        "country": "France"
    }
},
{
    "model": "core.highereducationinstitution",
    "pk": "0597065J",
    "fields": {
        "label": "Universit\u00e9 de Lille",
        "city": "Lille",
        "department": "Nord",
        "zip_code": "59800",
        "country": "France"
    }
},
{
    "model": "core.highereducationinstitution",
    "pk": "0597131F",
    "fields": {
        "label": "Institut national des sciences appliqu\u00e9es Hauts-de-France",
        "city": "Aulnoy-lez-Valenciennes",
        "department": "Nord",
        "zip_code": "59300",
        "country": "France"
    }
},
{
    "model": "core.highereducationinstitution",
    "pk": "0597132G",
    "fields": {
        "label": "Universit\u00e9 Polytechnique Hauts-de-France",
        "city": "Aulnoy-lez-Valenciennes",
        "department": "Nord",
        "zip_code": "59300",
        "country": "France"
    }
},
{
    "model": "core.highereducationinstitution",
    "pk": "0597139P",
    "fields": {
        "label": "Centrale Lille Institut",
        "city": "Villeneuve-d'Ascq",
        "department": "Nord",
        "zip_code": "59651",
        "country": "France"
    }
},
{
    "model": "core.highereducationinstitution",
    "pk": "059YNCRE",
    "fields": {
        "label": "Yncr\u00e9a Hauts-de-France",
        "city": "Lille",
        "department": "Nord",
        "zip_code": "59046",
        "country": "France"
    }
},
{
    "model": "core.highereducationinstitution",
    "pk": "0600071B",
    "fields": {
        "label": "Institut polytechnique UniLaSalle",
        "city": "Beauvais",
        "department": "Oise",
        "zip_code": "60026",
        "country": "France"
    }
},
{
    "model": "core.highereducationinstitution",
    "pk": "0601223D",
    "fields": {
        "label": "Universit\u00e9 de technologie de Compi\u00e8gne",
        "city": "Compi\u00e8gne",
        "department": "Oise",
        "zip_code": "60206",
        "country": "France"
    }
},
{
    "model": "core.highereducationinstitution",
    "pk": "0602099F",
    "fields": {
        "label": "\u00c9cole sup\u00e9rieure de chimie organique et min\u00e9rale",
        "city": "Compi\u00e8gne",
        "department": "Oise",
        "zip_code": "60200",
        "country": "France"
    }
},
{
    "model": "core.highereducationinstitution",
    "pk": "0623957P",
    "fields": {
        "label": "Universit\u00e9 d'Artois",
        "city": "Arras",
        "department": "Pas-de-Calais",
        "zip_code": "62030",
        "country": "France"
    }
},
{
    "model": "core.highereducationinstitution",
    "pk": "0631287G",
    "fields": {
        "label": "\u00c9cole nationale sup\u00e9rieure d'architecture de Clermont-Ferrand",
        "city": "Clermont-Ferrand",
        "department": "Puy-de-D\u00f4me",
        "zip_code": "63100",
        "country": "France"
    }
},
{
    "model": "core.highereducationinstitution",
    "pk": "0632033T",
    "fields": {
        "label": "SIGMA Clermont",
        "city": "Aubi\u00e8re",
        "department": "Puy-de-D\u00f4me",
        "zip_code": "63178",
        "country": "France"
    }
},
{
    "model": "core.highereducationinstitution",
    "pk": "0632035V",
    "fields": {
        "label": "Universit\u00e9 Clermont Auvergne",
        "city": "Clermont-Ferrand",
        "department": "Puy-de-D\u00f4me",
        "zip_code": "63001",
        "country": "France"
    }
},
{
    "model": "core.highereducationinstitution",
    "pk": "0640251A",
    "fields": {
        "label": "Universit\u00e9 de Pau et des Pays de l'Adour",
        "city": "Pau",
        "department": "Pyr\u00e9n\u00e9es-Atlantiques",
        "zip_code": "64012",
        "country": "France"
    }
},
{
    "model": "core.highereducationinstitution",
    "pk": "0641923T",
    "fields": {
        "label": "\u00c9cole sup\u00e9rieure des technologies industrielles avanc\u00e9es",
        "city": "Bayonne",
        "department": "Pyr\u00e9n\u00e9es-Atlantiques",
        "zip_code": "64102",
        "country": "France"
    }
},
{
    "model": "core.highereducationinstitution",
    "pk": "0650048Z",
    "fields": {
        "label": "\u00c9cole nationale d'ing\u00e9nieurs de Tarbes",
        "city": "Tarbes",
        "department": "Hautes-Pyr\u00e9n\u00e9es",
        "zip_code": "65016",
        "country": "France"
    }
},
{
    "model": "core.highereducationinstitution",
    "pk": "0660437S",
    "fields": {
        "label": "Universit\u00e9 de Perpignan - Via Domitia",
        "city": "Perpignan",
        "department": "Pyr\u00e9n\u00e9es-Orientales",
        "zip_code": "66860",
        "country": "France"
    }
},
{
    "model": "core.highereducationinstitution",
    "pk": "0670186N",
    "fields": {
        "label": "\u00c9cole nationale sup\u00e9rieure d'architecture de Strasbourg",
        "city": "Strasbourg",
        "department": "Bas-Rhin",
        "zip_code": "67068",
        "country": "France"
    }
},
{
    "model": "core.highereducationinstitution",
    "pk": "0670189S",
    "fields": {
        "label": "\u00c9cole nationale du g\u00e9nie de l'eau et de l'environnement de Strasbourg",
        "city": "Strasbourg",
        "department": "Bas-Rhin",
        "zip_code": "67070",
        "country": "France"
    }
},
{
    "model": "core.highereducationinstitution",
    "pk": "0670190T",
    "fields": {
        "label": "Institut national des sciences appliqu\u00e9es de Strasbourg",
        "city": "Strasbourg",
        "department": "Bas-Rhin",
        "zip_code": "67084",
        "country": "France"
    }
},
{
    "model": "core.highereducationinstitution",
    "pk": "0672678X",
    "fields": {
        "label": "\u00c9cole nationale d'administration",
        "city": "Strasbourg",
        "department": "Bas-Rhin",
        "zip_code": "67080",
        "country": "France"
    }
},
{
    "model": "core.highereducationinstitution",
    "pk": "0673021V",
    "fields": {
        "label": "Universit\u00e9 de Strasbourg",
        "city": "Strasbourg",
        "department": "Bas-Rhin",
        "zip_code": "67081",
        "country": "France"
    }
},
{
    "model": "core.highereducationinstitution",
    "pk": "0673048Z",
    "fields": {
        "label": "Haute \u00c9cole des arts du Rhin",
        "city": "Strasbourg",
        "department": "Bas-Rhin",
        "zip_code": "67082",
        "country": "France"
    }
},
{
    "model": "core.highereducationinstitution",
    "pk": "0681166Y",
    "fields": {
        "label": "Universit\u00e9 de Haute-Alsace",
        "city": "Mulhouse",
        "department": "Haut-Rhin",
        "zip_code": "68093",
        "country": "France"
    }
},
{
    "model": "core.highereducationinstitution",
    "pk": "0690173N",
    "fields": {
        "label": "Institut d'\u00e9tudes politiques de Lyon",
        "city": "Lyon 7e",
        "department": "Rh\u00f4ne",
        "zip_code": "69007",
        "country": "France"
    }
},
{
    "model": "core.highereducationinstitution",
    "pk": "0690187D",
    "fields": {
        "label": "\u00c9cole centrale de Lyon",
        "city": "\u00c9cully",
        "department": "Rh\u00f4ne",
        "zip_code": "69134",
        "country": "France"
    }
},
{
    "model": "core.highereducationinstitution",
    "pk": "0690192J",
    "fields": {
        "label": "Institut national des sciences appliqu\u00e9es de Lyon",
        "city": "Villeurbanne",
        "department": "Rh\u00f4ne",
        "zip_code": "69621",
        "country": "France"
    }
},
{
    "model": "core.highereducationinstitution",
    "pk": "0690193K",
    "fields": {
        "label": "Institut d'enseignement sup\u00e9rieur et de recherche en alimentation, sant\u00e9 animale, sciences agronomiques et de l'environnement",
        "city": "Marcy-l'\u00c9toile",
        "department": "Rh\u00f4ne",
        "zip_code": "69280",
        "country": "France"
    }
},
{
    "model": "core.highereducationinstitution",
    "pk": "0690194L",
    "fields": {
        "label": "\u00c9cole catholique des arts et m\u00e9tiers",
        "city": "Lyon 5e",
        "department": "Rh\u00f4ne",
        "zip_code": "69321",
        "country": "France"
    }
},
{
    "model": "core.highereducationinstitution",
    "pk": "0690195M",
    "fields": {
        "label": "Institut catholique de Lyon",
        "city": "Lyon 2e",
        "department": "Rh\u00f4ne",
        "zip_code": "69288",
        "country": "France"
    }
},
{
    "model": "core.highereducationinstitution",
    "pk": "0691774D",
    "fields": {
        "label": "Universit\u00e9 Claude Bernard - Lyon 1",
        "city": "Villeurbanne",
        "department": "Rh\u00f4ne",
        "zip_code": "69622",
        "country": "France"
    }
},
{
    "model": "core.highereducationinstitution",
    "pk": "0691775E",
    "fields": {
        "label": "Universit\u00e9 Lumi\u00e8re - Lyon 2",
        "city": "Lyon 7e",
        "department": "Rh\u00f4ne",
        "zip_code": "69365",
        "country": "France"
    }
},
{
    "model": "core.highereducationinstitution",
    "pk": "0692353H",
    "fields": {
        "label": "Institut sup\u00e9rieur d\u2019agriculture Rh\u00f4ne-Alpes",
        "city": "Lyon 7e",
        "department": "Rh\u00f4ne",
        "zip_code": "69364",
        "country": "France"
    }
},
{
    "model": "core.highereducationinstitution",
    "pk": "0692437Z",
    "fields": {
        "label": "Universit\u00e9 Jean Moulin - Lyon 3",
        "city": "Lyon 8e",
        "department": "Rh\u00f4ne",
        "zip_code": "69372",
        "country": "France"
    }
},
{
    "model": "core.highereducationinstitution",
    "pk": "0692459Y",
    "fields": {
        "label": "\u00c9cole nationale sup\u00e9rieure des sciences de l'information et des biblioth\u00e8ques",
        "city": "Villeurbanne",
        "department": "Rh\u00f4ne",
        "zip_code": "69623",
        "country": "France"
    }
},
{
    "model": "core.highereducationinstitution",
    "pk": "0692566P",
    "fields": {
        "label": "\u00c9cole nationale des travaux publics de l'\u00c9tat",
        "city": "Vaulx-en-Velin",
        "department": "Rh\u00f4ne",
        "zip_code": "69518",
        "country": "France"
    }
},
{
    "model": "core.highereducationinstitution",
    "pk": "0693364G",
    "fields": {
        "label": "Institut textile et chimique",
        "city": "\u00c9cully",
        "department": "Rh\u00f4ne",
        "zip_code": "69134",
        "country": "France"
    }
},
{
    "model": "core.highereducationinstitution",
    "pk": "0693623N",
    "fields": {
        "label": "\u00c9cole sup\u00e9rieure de chimie physique \u00e9lectronique de Lyon",
        "city": "Villeurbanne",
        "department": "Rh\u00f4ne",
        "zip_code": "69616",
        "country": "France"
    }
},
{
    "model": "core.highereducationinstitution",
    "pk": "0693735K",
    "fields": {
        "label": "\u00c9cole nationale sup\u00e9rieure des arts et techniques du th\u00e9\u00e2tre",
        "city": "Lyon 5e",
        "department": "Rh\u00f4ne",
        "zip_code": "69322",
        "country": "France"
    }
},
{
    "model": "core.highereducationinstitution",
    "pk": "0694094A",
    "fields": {
        "label": "Universit\u00e9 de Lyon",
        "city": "Lyon 7e",
        "department": "Rh\u00f4ne",
        "zip_code": "69361",
        "country": "France"
    }
},
{
    "model": "core.highereducationinstitution",
    "pk": "0694123G",
    "fields": {
        "label": "\u00c9cole normale sup\u00e9rieure de Lyon",
        "city": "Lyon 7e",
        "department": "Rh\u00f4ne",
        "zip_code": "69342",
        "country": "France"
    }
},
{
    "model": "core.highereducationinstitution",
    "pk": "0720916E",
    "fields": {
        "label": "Le Mans Universit\u00e9",
        "city": "Le Mans",
        "department": "Sarthe",
        "zip_code": "72017",
        "country": "France"
    }
},
{
    "model": "core.highereducationinstitution",
    "pk": "0721484X",
    "fields": {
        "label": "Institut sup\u00e9rieur des mat\u00e9riaux du Mans",
        "city": "Le Mans",
        "department": "Sarthe",
        "zip_code": "72000",
        "country": "France"
    }
},
{
    "model": "core.highereducationinstitution",
    "pk": "0730858L",
    "fields": {
        "label": "Universit\u00e9 Savoie Mont Blanc",
        "city": "Chamb\u00e9ry",
        "department": "Savoie",
        "zip_code": "73011",
        "country": "France"
    }
},
{
    "model": "core.highereducationinstitution",
    "pk": "0750043P",
    "fields": {
        "label": "\u00c9cole d'ing\u00e9nieur de la ville de Paris",
        "city": "Paris 19e",
        "department": "Paris",
        "zip_code": "75019",
        "country": "France"
    }
},
{
    "model": "core.highereducationinstitution",
    "pk": "0750252S",
    "fields": {
        "label": "Institut sup\u00e9rieur du commerce de Paris",
        "city": "Paris 17e",
        "department": "Paris",
        "zip_code": "75848",
        "country": "France"
    }
},
{
    "model": "core.highereducationinstitution",
    "pk": "0750736T",
    "fields": {
        "label": "Universit\u00e9 Paris-Dauphine",
        "city": "Paris 16e",
        "department": "Paris",
        "zip_code": "75775",
        "country": "France"
    }
},
{
    "model": "core.highereducationinstitution",
    "pk": "0751717J",
    "fields": {
        "label": "Universit\u00e9 Paris 1 - Panth\u00e9on Sorbonne",
        "city": "Paris 5e",
        "department": "Paris",
        "zip_code": "75231",
        "country": "France"
    }
},
{
    "model": "core.highereducationinstitution",
    "pk": "0751718K",
    "fields": {
        "label": "Universit\u00e9 Panth\u00e9on-Assas",
        "city": "Paris 5e",
        "department": "Paris",
        "zip_code": "75231",
        "country": "France"
    }
},
{
    "model": "core.highereducationinstitution",
    "pk": "0751719L",
    "fields": {
        "label": "Universit\u00e9 Sorbonne Nouvelle - Paris 3",
        "city": "Paris 5e",
        "department": "Paris",
        "zip_code": "75230",
        "country": "France"
    }
},
{
    "model": "core.highereducationinstitution",
    "pk": "0751794T",
    "fields": {
        "label": "\u00c9cole fran\u00e7aise d'Extr\u00eame-Orient",
        "city": "Paris 16e",
        "department": "Paris",
        "zip_code": "75116",
        "country": "France"
    }
},
{
    "model": "core.highereducationinstitution",
    "pk": "0751871B",
    "fields": {
        "label": "\u00c9cole nationale sup\u00e9rieure d'architecture de Paris-Malaquais",
        "city": "Paris 6e",
        "department": "Paris",
        "zip_code": "75006",
        "country": "France"
    }
},
{
    "model": "core.highereducationinstitution",
    "pk": "0751875F",
    "fields": {
        "label": "\u00c9cole nationale sup\u00e9rieure d'architecture de Paris-La Villette",
        "city": "Paris 19e",
        "department": "Paris",
        "zip_code": "75019",
        "country": "France"
    }
},
{
    "model": "core.highereducationinstitution",
    "pk": "0751877H",
    "fields": {
        "label": "\u00c9cole nationale sup\u00e9rieure d'architecture de Paris-Belleville",
        "city": "Paris 19e",
        "department": "Paris",
        "zip_code": "75019",
        "country": "France"
    }
},
{
    "model": "core.highereducationinstitution",
    "pk": "0752139T",
    "fields": {
        "label": "Facult\u00e9s Libres de Philosophie et de Psychologie",
        "city": "Paris 14e",
        "department": "Paris",
        "zip_code": "75014",
        "country": "France"
    }
},
{
    "model": "core.highereducationinstitution",
    "pk": "0752559Z",
    "fields": {
        "label": "Institut national du sport, de l'expertise et de la performance",
        "city": "Paris 12e",
        "department": "Paris",
        "zip_code": "75012",
        "country": "France"
    }
},
{
    "model": "core.highereducationinstitution",
    "pk": "0752792C",
    "fields": {
        "label": "IPAG Business School",
        "city": "Paris 6e",
        "department": "Paris",
        "zip_code": "75006",
        "country": "France"
    }
},
{
    "model": "core.highereducationinstitution",
    "pk": "0753237L",
    "fields": {
        "label": "\u00c9cole nationale sup\u00e9rieure d'arts et m\u00e9tiers",
        "city": "Paris 13e",
        "department": "Paris",
        "zip_code": "75013",
        "country": "France"
    }
},
{
    "model": "core.highereducationinstitution",
    "pk": "0753324F",
    "fields": {
        "label": "\u00c9cole sup\u00e9rieure de r\u00e9alisation audiovisuelle",
        "city": "Paris 15e",
        "department": "Paris",
        "zip_code": "75015",
        "country": "France"
    }
},
{
    "model": "core.highereducationinstitution",
    "pk": "0753364Z",
    "fields": {
        "label": "Institut d'administration des entreprises de Paris",
        "city": "Paris 5e",
        "department": "Paris",
        "zip_code": "75005",
        "country": "France"
    }
},
{
    "model": "core.highereducationinstitution",
    "pk": "0753375L",
    "fields": {
        "label": "\u00c9cole nationale sup\u00e9rieure de chimie de Paris",
        "city": "Paris 5e",
        "department": "Paris",
        "zip_code": "75231",
        "country": "France"
    }
},
{
    "model": "core.highereducationinstitution",
    "pk": "0753428U",
    "fields": {
        "label": "Institut de physique du globe",
        "city": "Paris 5e",
        "department": "Paris",
        "zip_code": "75252",
        "country": "France"
    }
},
{
    "model": "core.highereducationinstitution",
    "pk": "0753429V",
    "fields": {
        "label": "\u00c9cole sup\u00e9rieure de physique et de chimie industrielles de la ville de Paris",
        "city": "Paris 5e",
        "department": "Paris",
        "zip_code": "75231",
        "country": "France"
    }
},
{
    "model": "core.highereducationinstitution",
    "pk": "0753431X",
    "fields": {
        "label": "Institut d'\u00e9tudes politiques de Paris",
        "city": "Paris 7e",
        "department": "Paris",
        "zip_code": "75337",
        "country": "France"
    }
},
{
    "model": "core.highereducationinstitution",
    "pk": "0753455Y",
    "fields": {
        "label": "\u00c9cole normale sup\u00e9rieure de Paris",
        "city": "Paris 5e",
        "department": "Paris",
        "zip_code": "75230",
        "country": "France"
    }
},
{
    "model": "core.highereducationinstitution",
    "pk": "0753457A",
    "fields": {
        "label": "\u00c9cole nationale sup\u00e9rieure des m\u00e9tiers de l'image et du son",
        "city": "Paris 18e",
        "department": "Paris",
        "zip_code": "75018",
        "country": "France"
    }
},
{
    "model": "core.highereducationinstitution",
    "pk": "0753465J",
    "fields": {
        "label": "Institut des sciences et industries du vivant et de l'environnement",
        "city": "Paris 5e",
        "department": "Paris",
        "zip_code": "75231",
        "country": "France"
    }
},
{
    "model": "core.highereducationinstitution",
    "pk": "0753469N",
    "fields": {
        "label": "Conservatoire national sup\u00e9rieur d'art dramatique",
        "city": "Paris 9e",
        "department": "Paris",
        "zip_code": "75009",
        "country": "France"
    }
},
{
    "model": "core.highereducationinstitution",
    "pk": "0753470P",
    "fields": {
        "label": "\u00c9cole nationale sup\u00e9rieure des arts d\u00e9coratifs",
        "city": "Paris 5e",
        "department": "Paris",
        "zip_code": "75005",
        "country": "France"
    }
},
{
    "model": "core.highereducationinstitution",
    "pk": "0753471R",
    "fields": {
        "label": "Conservatoire national des arts et m\u00e9tiers",
        "city": "Paris 3e",
        "department": "Paris",
        "zip_code": "75141",
        "country": "France"
    }
},
{
    "model": "core.highereducationinstitution",
    "pk": "0753478Y",
    "fields": {
        "label": "\u00c9cole nationale des Chartes",
        "city": "Paris 2e",
        "department": "Paris",
        "zip_code": "75002",
        "country": "France"
    }
},
{
    "model": "core.highereducationinstitution",
    "pk": "0753480A",
    "fields": {
        "label": "Coll\u00e8ge de France",
        "city": "Paris 5e",
        "department": "Paris",
        "zip_code": "75231",
        "country": "France"
    }
},
{
    "model": "core.highereducationinstitution",
    "pk": "0753486G",
    "fields": {
        "label": "\u00c9cole pratique des hautes \u00e9tudes",
        "city": "Paris 14e",
        "department": "Paris",
        "zip_code": "75014",
        "country": "France"
    }
},
{
    "model": "core.highereducationinstitution",
    "pk": "0753488J",
    "fields": {
        "label": "Institut national des langues et civilisations orientales",
        "city": "Paris 13e",
        "department": "Paris",
        "zip_code": "75214",
        "country": "France"
    }
},
{
    "model": "core.highereducationinstitution",
    "pk": "0753489K",
    "fields": {
        "label": "\u00c9cole du Louvre",
        "city": "Paris 1er",
        "department": "Paris",
        "zip_code": "75038",
        "country": "France"
    }
},
{
    "model": "core.highereducationinstitution",
    "pk": "0753493P",
    "fields": {
        "label": "\u00c9cole nationale sup\u00e9rieure des mines de Paris",
        "city": "Paris 6e",
        "department": "Paris",
        "zip_code": "75272",
        "country": "France"
    }
},
{
    "model": "core.highereducationinstitution",
    "pk": "0753494R",
    "fields": {
        "label": "Mus\u00e9um national d'histoire naturelle",
        "city": "Paris 5e",
        "department": "Paris",
        "zip_code": "75005",
        "country": "France"
    }
},
{
    "model": "core.highereducationinstitution",
    "pk": "0753495S",
    "fields": {
        "label": "Conservatoire national sup\u00e9rieur de musique et de danse de Paris",
        "city": "Paris 19e",
        "department": "Paris",
        "zip_code": "75019",
        "country": "France"
    }
},
{
    "model": "core.highereducationinstitution",
    "pk": "0753496T",
    "fields": {
        "label": "Observatoire de Paris",
        "city": "Paris 14e",
        "department": "Paris",
        "zip_code": "75014",
        "country": "France"
    }
},
{
    "model": "core.highereducationinstitution",
    "pk": "0753541S",
    "fields": {
        "label": "Institut catholique de Paris",
        "city": "Paris 6e",
        "department": "Paris",
        "zip_code": "75270",
        "country": "France"
    }
},
{
    "model": "core.highereducationinstitution",
    "pk": "0753547Y",
    "fields": {
        "label": "ESCP Europe",
        "city": "Paris 15e",
        "department": "Paris",
        "zip_code": "75015",
        "country": "France"
    }
},
{
    "model": "core.highereducationinstitution",
    "pk": "0753559L",
    "fields": {
        "label": "Institut sup\u00e9rieur d'\u00e9lectronique de Paris",
        "city": "Paris 6e",
        "department": "Paris",
        "zip_code": "75006",
        "country": "France"
    }
},
{
    "model": "core.highereducationinstitution",
    "pk": "0753560M",
    "fields": {
        "label": "\u00c9cole sup\u00e9rieure d'informatique \u00e9lectronique automatique",
        "city": "Paris 5e",
        "department": "Paris",
        "zip_code": "75005",
        "country": "France"
    }
},
{
    "model": "core.highereducationinstitution",
    "pk": "0753605L",
    "fields": {
        "label": "Institut protestant de th\u00e9ologie",
        "city": "Paris 14e",
        "department": "Paris",
        "zip_code": "75014",
        "country": "France"
    }
},
{
    "model": "core.highereducationinstitution",
    "pk": "0753655R",
    "fields": {
        "label": "Fondation Maison des Sciences de l'homme",
        "city": "Paris 6e",
        "department": "Paris",
        "zip_code": "75006",
        "country": "France"
    }
},
{
    "model": "core.highereducationinstitution",
    "pk": "0753667D",
    "fields": {
        "label": "\u00c9cole nationale sup\u00e9rieure des beaux-arts",
        "city": "Paris 6e",
        "department": "Paris",
        "zip_code": "75272",
        "country": "France"
    }
},
{
    "model": "core.highereducationinstitution",
    "pk": "0753714E",
    "fields": {
        "label": "\u00c9cole pratique de service social",
        "city": "Paris 6e",
        "department": "Paris",
        "zip_code": "75006",
        "country": "France"
    }
},
{
    "model": "core.highereducationinstitution",
    "pk": "0753742K",
    "fields": {
        "label": "\u00c9cole des hautes \u00e9tudes en sciences sociales",
        "city": "Paris 6e",
        "department": "Paris",
        "zip_code": "75006",
        "country": "France"
    }
},
{
    "model": "core.highereducationinstitution",
    "pk": "0754431J",
    "fields": {
        "label": "\u00c9cole centrale d'\u00e9lectronique",
        "city": "Paris 15e",
        "department": "Paris",
        "zip_code": "75015",
        "country": "France"
    }
},
{
    "model": "core.highereducationinstitution",
    "pk": "0754446A",
    "fields": {
        "label": "Institut national du patrimoine",
        "city": "Paris 2e",
        "department": "Paris",
        "zip_code": "75002",
        "country": "France"
    }
},
{
    "model": "core.highereducationinstitution",
    "pk": "0754493B",
    "fields": {
        "label": "Institut de management et de communication interculturels",
        "city": "Paris 6e",
        "department": "Paris",
        "zip_code": "75270",
        "country": "France"
    }
},
{
    "model": "core.highereducationinstitution",
    "pk": "0754585B",
    "fields": {
        "label": "\u00c9cole nationale sup\u00e9rieure de cr\u00e9ation industrielle \u2013 Les Ateliers",
        "city": "Paris 8e",
        "department": "Paris",
        "zip_code": "75011",
        "country": "France"
    }
},
{
    "model": "core.highereducationinstitution",
    "pk": "0754595M",
    "fields": {
        "label": "P\u00f4le sup\u00e9rieur d'enseignement artistique Paris\u2014Boulogne-Billancourt",
        "city": "Paris 1er",
        "department": "Paris",
        "zip_code": "75008",
        "country": "France"
    }
},
{
    "model": "core.highereducationinstitution",
    "pk": "0755026F",
    "fields": {
        "label": "Institut national d'histoire de l'art",
        "city": "Paris 2e",
        "department": "Paris",
        "zip_code": "75002",
        "country": "France"
    }
},
{
    "model": "core.highereducationinstitution",
    "pk": "0755372G",
    "fields": {
        "label": "CESI",
        "city": "Paris 15e",
        "department": "Paris",
        "zip_code": "75015",
        "country": "France"
    }
},
{
    "model": "core.highereducationinstitution",
    "pk": "0755575C",
    "fields": {
        "label": "Fondation de coop\u00e9ration scientifique. Paris Sciences et Lettres - Quartier latin",
        "city": "Paris 6e",
        "department": "Paris",
        "zip_code": "75006",
        "country": "France"
    }
},
{
    "model": "core.highereducationinstitution",
    "pk": "0755581J",
    "fields": {
        "label": "HESAM Universit\u00e9",
        "city": "Paris 5e",
        "department": "Paris",
        "zip_code": "75005",
        "country": "France"
    }
},
{
    "model": "core.highereducationinstitution",
    "pk": "0755661W",
    "fields": {
        "label": "Institut Mines-T\u00e9l\u00e9com",
        "city": "Paris 13e",
        "department": "Paris",
        "zip_code": "75634",
        "country": "France"
    }
},
{
    "model": "core.highereducationinstitution",
    "pk": "0755698L",
    "fields": {
        "label": "Universit\u00e9 Paris Lumi\u00e8res",
        "city": "Paris 13e",
        "department": "Paris",
        "zip_code": "75013",
        "country": "France"
    }
},
{
    "model": "core.highereducationinstitution",
    "pk": "0755802Z",
    "fields": {
        "label": "Institut agronomique, v\u00e9t\u00e9rinaire et forestier de France",
        "city": "Paris 16e",
        "department": "Paris",
        "zip_code": "75116",
        "country": "France"
    }
},
{
    "model": "core.highereducationinstitution",
    "pk": "0755890V",
    "fields": {
        "label": "Sorbonne Universit\u00e9",
        "city": "Paris 6e",
        "department": "Paris",
        "zip_code": "75006",
        "country": "France"
    }
},
{
    "model": "core.highereducationinstitution",
    "pk": "0755976N",
    "fields": {
        "label": "Universit\u00e9 de Paris",
        "city": "Paris",
        "department": "Paris",
        "zip_code": "75006",
        "country": "France"
    }
},
{
    "model": "core.highereducationinstitution",
    "pk": "0756036D",
    "fields": {
        "label": "Universit\u00e9 Paris sciences et lettres",
        "city": "Paris 6e",
        "department": "Paris",
        "zip_code": "",
        "country": "France"
    }
},
{
    "model": "core.highereducationinstitution",
    "pk": "0760164R",
    "fields": {
        "label": "\u00c9cole nationale sup\u00e9rieure d'architecture de Normandie",
        "city": "Darn\u00e9tal",
        "department": "Seine-Maritime",
        "zip_code": "76161",
        "country": "France"
    }
},
{
    "model": "core.highereducationinstitution",
    "pk": "0760165S",
    "fields": {
        "label": "Institut national des sciences appliqu\u00e9es de Rouen",
        "city": "Saint-\u00c9tienne-du-Rouvray",
        "department": "Seine-Maritime",
        "zip_code": "76801",
        "country": "France"
    }
},
{
    "model": "core.highereducationinstitution",
    "pk": "0760166T",
    "fields": {
        "label": "\u00c9cole nationale sup\u00e9rieure maritime",
        "city": "Le Havre",
        "department": "Seine-Maritime",
        "zip_code": "76600",
        "country": "France"
    }
},
{
    "model": "core.highereducationinstitution",
    "pk": "0760167U",
    "fields": {
        "label": "Neoma Business School",
        "city": "Mont-Saint-Aignan",
        "department": "Seine-Maritime",
        "zip_code": "76130",
        "country": "France"
    }
},
{
    "model": "core.highereducationinstitution",
    "pk": "0760168V",
    "fields": {
        "label": "\u00c9cole de management de Normandie",
        "city": "Le Havre",
        "department": "Seine-Maritime",
        "zip_code": "76087",
        "country": "France"
    }
},
{
    "model": "core.highereducationinstitution",
    "pk": "0761904G",
    "fields": {
        "label": "Universit\u00e9 de Rouen",
        "city": "Mont-Saint-Aignan",
        "department": "Seine-Maritime",
        "zip_code": "76821",
        "country": "France"
    }
},
{
    "model": "core.highereducationinstitution",
    "pk": "0762378X",
    "fields": {
        "label": "\u00c9cole sup\u00e9rieure d'ing\u00e9nieurs en g\u00e9nie \u00e9lectrique",
        "city": "Saint-\u00c9tienne-du-Rouvray",
        "department": "Seine-Maritime",
        "zip_code": "76800",
        "country": "France"
    }
},
{
    "model": "core.highereducationinstitution",
    "pk": "0762687H",
    "fields": {
        "label": "\u00c9cole sup\u00e9rieure d'art et design Le Havre-Rouen",
        "city": "Rouen",
        "department": "Seine-Maritime",
        "zip_code": "76000",
        "country": "France"
    }
},
{
    "model": "core.highereducationinstitution",
    "pk": "0762762P",
    "fields": {
        "label": "Universit\u00e9 du Havre",
        "city": "Le Havre",
        "department": "Seine-Maritime",
        "zip_code": "76063",
        "country": "France"
    }
},
{
    "model": "core.highereducationinstitution",
    "pk": "0771077C",
    "fields": {
        "label": "Institut europ\u00e9en d'administration des affaires",
        "city": "Fontainebleau",
        "department": "Seine-et-Marne",
        "zip_code": "77305",
        "country": "France"
    }
},
{
    "model": "core.highereducationinstitution",
    "pk": "0772496V",
    "fields": {
        "label": "Ecole nationale des sciences g\u00e9ographiques",
        "city": "Champs-sur-Marne",
        "department": "Seine-et-Marne",
        "zip_code": "77455",
        "country": "France"
    }
},
{
    "model": "core.highereducationinstitution",
    "pk": "0772517T",
    "fields": {
        "label": "\u00c9cole nationale des ponts et chauss\u00e9es",
        "city": "Champs-sur-Marne",
        "department": "Seine-et-Marne",
        "zip_code": "77420",
        "country": "France"
    }
},
{
    "model": "core.highereducationinstitution",
    "pk": "0772551E",
    "fields": {
        "label": "\u00c9cole d'architecture de la ville et des territoires \u00e0 Marne-la-Vall\u00e9e",
        "city": "Champs-sur-Marne",
        "department": "Seine-et-Marne",
        "zip_code": "77420",
        "country": "France"
    }
},
{
    "model": "core.highereducationinstitution",
    "pk": "0772710C",
    "fields": {
        "label": "Universit\u00e9 Paris-Est",
        "city": "Champs-sur-Marne",
        "department": "Seine-et-Marne",
        "zip_code": "77420",
        "country": "France"
    }
},
{
    "model": "core.highereducationinstitution",
    "pk": "0772894C",
    "fields": {
        "label": "Universit\u00e9 Gustave Eiffel",
        "city": "Champs-sur-Marne",
        "department": "Seine-et-Marne",
        "zip_code": "77420",
        "country": "France"
    }
},
{
    "model": "core.highereducationinstitution",
    "pk": "0780412Z",
    "fields": {
        "label": "\u00c9cole nationale sup\u00e9rieure d\u2019architecture de Versailles",
        "city": "Versailles",
        "department": "Yvelines",
        "zip_code": "78006",
        "country": "France"
    }
},
{
    "model": "core.highereducationinstitution",
    "pk": "0781944P",
    "fields": {
        "label": "Universit\u00e9 de Versailles Saint-Quentin-en-Yvelines",
        "city": "Versailles",
        "department": "Yvelines",
        "zip_code": "78035",
        "country": "France"
    }
},
{
    "model": "core.highereducationinstitution",
    "pk": "0782019W",
    "fields": {
        "label": "\u00c9cole nationale sup\u00e9rieure du Paysage de Versailles-Marseille",
        "city": "Versailles",
        "department": "Yvelines",
        "zip_code": "78000",
        "country": "France"
    }
},
{
    "model": "core.highereducationinstitution",
    "pk": "0783054W",
    "fields": {
        "label": "\u00c9cole des hautes \u00e9tudes commerciales de Paris",
        "city": "Jouy-en-Josas",
        "department": "Yvelines",
        "zip_code": "78351",
        "country": "France"
    }
},
{
    "model": "core.highereducationinstitution",
    "pk": "0783664J",
    "fields": {
        "label": "\u00c9cole sup\u00e9rieure des techniques a\u00e9ronautiques et de construction automobile",
        "city": "Montigny-le-Bretonneux",
        "department": "Yvelines",
        "zip_code": "78180",
        "country": "France"
    }
},
{
    "model": "core.highereducationinstitution",
    "pk": "0783690M",
    "fields": {
        "label": "Institut sup\u00e9rieur international du parfum, de la cosm\u00e9tique et de l'aromatique alimentaire",
        "city": "Versailles",
        "department": "Yvelines",
        "zip_code": "78000",
        "country": "France"
    }
},
{
    "model": "core.highereducationinstitution",
    "pk": "0801344B",
    "fields": {
        "label": "Universit\u00e9 de Picardie Jules-Verne",
        "city": "Amiens",
        "department": "Somme",
        "zip_code": "80021",
        "country": "France"
    }
},
{
    "model": "core.highereducationinstitution",
    "pk": "0801367B",
    "fields": {
        "label": "\u00c9cole sup\u00e9rieure d'art et de design d'Amiens",
        "city": "Amiens",
        "department": "Somme",
        "zip_code": "80080",
        "country": "France"
    }
},
{
    "model": "core.highereducationinstitution",
    "pk": "0801911T",
    "fields": {
        "label": "\u00c9cole sup\u00e9rieure d'ing\u00e9nieurs en \u00e9lectronique et \u00e9lectrotechnique d'Amiens",
        "city": "Amiens",
        "department": "Somme",
        "zip_code": "80083",
        "country": "France"
    }
},
{
    "model": "core.highereducationinstitution",
    "pk": "0811293R",
    "fields": {
        "label": "Institut national universitaire Jean-Fran\u00e7ois Champollion",
        "city": "Albi",
        "department": "Tarn",
        "zip_code": "81012",
        "country": "France"
    }
},
{
    "model": "core.highereducationinstitution",
    "pk": "0830766G",
    "fields": {
        "label": "Universit\u00e9 de Toulon",
        "city": "La Garde",
        "department": "Var",
        "zip_code": "83041",
        "country": "France"
    }
},
{
    "model": "core.highereducationinstitution",
    "pk": "0831458J",
    "fields": {
        "label": "Yncr\u00e9a M\u00e9diterran\u00e9e",
        "city": "Toulon",
        "department": "Var",
        "zip_code": "83000",
        "country": "France"
    }
},
{
    "model": "core.highereducationinstitution",
    "pk": "0840685N",
    "fields": {
        "label": "Avignon Universit\u00e9",
        "city": "Avignon",
        "department": "Vaucluse",
        "zip_code": "84029",
        "country": "France"
    }
},
{
    "model": "core.highereducationinstitution",
    "pk": "0851415B",
    "fields": {
        "label": "Institut catholique d'\u00e9tudes sup\u00e9rieures",
        "city": "La Roche-sur-Yon",
        "department": "Vend\u00e9e",
        "zip_code": "85017",
        "country": "France"
    }
},
{
    "model": "core.highereducationinstitution",
    "pk": "0860073M",
    "fields": {
        "label": "\u00c9cole nationale sup\u00e9rieure de m\u00e9canique et d'a\u00e9rotechnique de Poitiers",
        "city": "Chasseneuil-du-Poitou",
        "department": "Vienne",
        "zip_code": "86961",
        "country": "France"
    }
},
{
    "model": "core.highereducationinstitution",
    "pk": "0860856N",
    "fields": {
        "label": "Universit\u00e9 de Poitiers",
        "city": "Poitiers",
        "department": "Vienne",
        "zip_code": "86073",
        "country": "France"
    }
},
{
    "model": "core.highereducationinstitution",
    "pk": "0861288H",
    "fields": {
        "label": "Centre national d'enseignement \u00e0 distance",
        "city": "Chasseneuil-du-Poitou",
        "department": "Vienne",
        "zip_code": "86960",
        "country": "France"
    }
},
{
    "model": "core.highereducationinstitution",
    "pk": "0861420B",
    "fields": {
        "label": "Universit\u00e9 conf\u00e9d\u00e9rale L\u00e9onard de Vinci",
        "city": "Chasseneuil-du-Poitou",
        "department": "Vienne",
        "zip_code": "86962",
        "country": "France"
    }
},
{
    "model": "core.highereducationinstitution",
    "pk": "0870669E",
    "fields": {
        "label": "Universit\u00e9 de Limoges",
        "city": "Limoges",
        "department": "Haute-Vienne",
        "zip_code": "87032",
        "country": "France"
    }
},
{
    "model": "core.highereducationinstitution",
    "pk": "0870997L",
    "fields": {
        "label": "Institut d'ing\u00e9nierie informatique de Limoges",
        "city": "Limoges",
        "department": "Haute-Vienne",
        "zip_code": "87015",
        "country": "France"
    }
},
{
    "model": "core.highereducationinstitution",
    "pk": "0900424X",
    "fields": {
        "label": "Universit\u00e9 de technologie de Belfort-Montb\u00e9liard",
        "city": "Sevenans",
        "department": "Territoire de Belfort",
        "zip_code": "90400",
        "country": "France"
    }
},
{
    "model": "core.highereducationinstitution",
    "pk": "0910685A",
    "fields": {
        "label": "Institut national des sciences et techniques nucl\u00e9aires",
        "city": "Gif-sur-Yvette",
        "department": "Essonne",
        "zip_code": "91191",
        "country": "France"
    }
},
{
    "model": "core.highereducationinstitution",
    "pk": "0910725U",
    "fields": {
        "label": "Institut d'Optique Graduate School",
        "city": "Palaiseau",
        "department": "Essonne",
        "zip_code": "91127",
        "country": "France"
    }
},
{
    "model": "core.highereducationinstitution",
    "pk": "0911568K",
    "fields": {
        "label": "\u00c9cole polytechnique",
        "city": "Palaiseau",
        "department": "Essonne",
        "zip_code": "91128",
        "country": "France"
    }
},
{
    "model": "core.highereducationinstitution",
    "pk": "0911975C",
    "fields": {
        "label": "Universit\u00e9 d'\u00c9vry-Val d'Essonne",
        "city": "\u00c9vry",
        "department": "Essonne",
        "zip_code": "91025",
        "country": "France"
    }
},
{
    "model": "core.highereducationinstitution",
    "pk": "0912266U",
    "fields": {
        "label": "\u00c9cole nationale sup\u00e9rieure d'informatique pour l'industrie et l'entreprise",
        "city": "\u00c9vry",
        "department": "Essonne",
        "zip_code": "91025",
        "country": "France"
    }
},
{
    "model": "core.highereducationinstitution",
    "pk": "0912318A",
    "fields": {
        "label": "\u00c9cole nationale sup\u00e9rieure de techniques avanc\u00e9es",
        "city": "Palaiseau",
        "department": "Essonne",
        "zip_code": "91762",
        "country": "France"
    }
},
{
    "model": "core.highereducationinstitution",
    "pk": "0912341A",
    "fields": {
        "label": "CentraleSup\u00e9lec",
        "city": "Gif-sur-Yvette",
        "department": "Essonne",
        "zip_code": "91192",
        "country": "France"
    }
},
{
    "model": "core.highereducationinstitution",
    "pk": "0912381U",
    "fields": {
        "label": "\u00c9cole nationale de la statistique et de l'administration \u00e9conomique",
        "city": "Palaiseau",
        "department": "Essonne",
        "zip_code": "91120",
        "country": "France"
    }
},
{
    "model": "core.highereducationinstitution",
    "pk": "0912382V",
    "fields": {
        "label": "Groupe des \u00e9coles nationales d'\u00e9conomie et statistique",
        "city": "Palaiseau",
        "department": "Essonne",
        "zip_code": "91764",
        "country": "France"
    }
},
{
    "model": "core.highereducationinstitution",
    "pk": "0912403T",
    "fields": {
        "label": "Institut polytechnique de Paris",
        "city": "Palaiseau",
        "department": "Essonne",
        "zip_code": "91128",
        "country": "France"
    }
},
{
    "model": "core.highereducationinstitution",
    "pk": "0912408Y",
    "fields": {
        "label": "Universit\u00e9 Paris-Saclay",
        "city": "Orsay",
        "department": "Essonne",
        "zip_code": "91405",
        "country": "France"
    }
},
{
    "model": "core.highereducationinstitution",
    "pk": "0920672F",
    "fields": {
        "label": "\u00c9cole sup\u00e9rieure de fonderie et de forge",
        "city": "S\u00e8vres",
        "department": "Hauts-de-Seine",
        "zip_code": "92310",
        "country": "France"
    }
},
{
    "model": "core.highereducationinstitution",
    "pk": "0920674H",
    "fields": {
        "label": "EPF - \u00c9cole d'ing\u00e9nieurs",
        "city": "Sceaux",
        "department": "Hauts-de-Seine",
        "zip_code": "92330",
        "country": "France"
    }
},
{
    "model": "core.highereducationinstitution",
    "pk": "0920815L",
    "fields": {
        "label": "\u00c9cole nationale sup\u00e9rieure du p\u00e9trole et des moteurs",
        "city": "Rueil-Malmaison",
        "department": "Hauts-de-Seine",
        "zip_code": "92852",
        "country": "France"
    }
},
{
    "model": "core.highereducationinstitution",
    "pk": "0920836J",
    "fields": {
        "label": "Centre international d'\u00e9tudes p\u00e9dagogiques",
        "city": "S\u00e8vres",
        "department": "Hauts-de-Seine",
        "zip_code": "92318",
        "country": "France"
    }
},
{
    "model": "core.highereducationinstitution",
    "pk": "0921204J",
    "fields": {
        "label": "Universit\u00e9 Paris Nanterre",
        "city": "Nanterre",
        "department": "Hauts-de-Seine",
        "zip_code": "92001",
        "country": "France"
    }
},
{
    "model": "core.highereducationinstitution",
    "pk": "0922369A",
    "fields": {
        "label": "\u00c9cole de management L\u00e9onard De Vinci",
        "city": "Courbevoie",
        "department": "Hauts-de-Seine",
        "zip_code": "92916",
        "country": "France"
    }
},
{
    "model": "core.highereducationinstitution",
    "pk": "0922563L",
    "fields": {
        "label": "\u00c9cole sup\u00e9rieure d'ing\u00e9nieurs L\u00e9onard-de-Vinci",
        "city": "Courbevoie",
        "department": "Hauts-de-Seine",
        "zip_code": "92916",
        "country": "France"
    }
},
{
    "model": "core.highereducationinstitution",
    "pk": "0922605G",
    "fields": {
        "label": "Institut national sup\u00e9rieur de formation et de recherche pour l'\u00e9ducation des jeunes handicap\u00e9s et les enseignements adapt\u00e9s",
        "city": "Suresnes",
        "department": "Hauts-de-Seine",
        "zip_code": "92150",
        "country": "France"
    }
},
{
    "model": "core.highereducationinstitution",
    "pk": "0930603A",
    "fields": {
        "label": "Institut sup\u00e9rieur de m\u00e9canique de Paris",
        "city": "Saint-Ouen",
        "department": "Seine-Saint-Denis",
        "zip_code": "93407",
        "country": "France"
    }
},
{
    "model": "core.highereducationinstitution",
    "pk": "0931238R",
    "fields": {
        "label": "Universit\u00e9 Sorbonne Paris Nord",
        "city": "Villetaneuse",
        "department": "Seine-Saint-Denis",
        "zip_code": "93430",
        "country": "France"
    }
},
{
    "model": "core.highereducationinstitution",
    "pk": "0931827F",
    "fields": {
        "label": "Universit\u00e9 Paris 8 - Vincennes - Saint-Denis",
        "city": "Saint-Denis",
        "department": "Seine-Saint-Denis",
        "zip_code": "93526",
        "country": "France"
    }
},
{
    "model": "core.highereducationinstitution",
    "pk": "0932019P",
    "fields": {
        "label": "ESIEE Paris",
        "city": "Noisy-le-Grand",
        "department": "Seine-Saint-Denis",
        "zip_code": "93162",
        "country": "France"
    }
},
{
    "model": "core.highereducationinstitution",
    "pk": "0932066R",
    "fields": {
        "label": "\u00c9cole nationale sup\u00e9rieure Louis Lumi\u00e8re",
        "city": "Noisy-le-Grand",
        "department": "Seine-Saint-Denis",
        "zip_code": "93161",
        "country": "France"
    }
},
{
    "model": "core.highereducationinstitution",
    "pk": "0932560C",
    "fields": {
        "label": "Campus Condorcet",
        "city": "Saint-Denis",
        "department": "Seine-Saint-Denis",
        "zip_code": "93210",
        "country": "France"
    }
},
{
    "model": "core.highereducationinstitution",
    "pk": "0940607Z",
    "fields": {
        "label": "\u00c9cole normale sup\u00e9rieure Paris-Saclay",
        "city": "Cachan",
        "department": "Val-de-Marne",
        "zip_code": "94230",
        "country": "France"
    }
},
{
    "model": "core.highereducationinstitution",
    "pk": "0940608A",
    "fields": {
        "label": "\u00c9cole nationale v\u00e9t\u00e9rinaire d'Alfort",
        "city": "Maisons-Alfort",
        "department": "Val-de-Marne",
        "zip_code": "94704",
        "country": "France"
    }
},
{
    "model": "core.highereducationinstitution",
    "pk": "0941111X",
    "fields": {
        "label": "Universit\u00e9 Paris-Est Cr\u00e9teil Val-de-Marne",
        "city": "Cr\u00e9teil",
        "department": "Val-de-Marne",
        "zip_code": "94010",
        "country": "France"
    }
},
{
    "model": "core.highereducationinstitution",
    "pk": "0941934S",
    "fields": {
        "label": "\u00c9cole d'ing\u00e9nieur g\u00e9n\u00e9raliste en informatique et technologies du num\u00e9rique",
        "city": "Villejuif",
        "department": "Val-de-Marne",
        "zip_code": "94800",
        "country": "France"
    }
},
{
    "model": "core.highereducationinstitution",
    "pk": "0941953M",
    "fields": {
        "label": "\u00c9cole sp\u00e9ciale de m\u00e9canique et d'\u00e9lectricit\u00e9",
        "city": "Ivry-sur-Seine",
        "department": "Val-de-Marne",
        "zip_code": "94200",
        "country": "France"
    }
},
{
    "model": "core.highereducationinstitution",
    "pk": "0941954N",
    "fields": {
        "label": "\u00c9cole sup\u00e9rieure d'ing\u00e9nieurs des travaux de la construction de Paris",
        "city": "Arcueil",
        "department": "Val-de-Marne",
        "zip_code": "94110",
        "country": "France"
    }
},
{
    "model": "core.highereducationinstitution",
    "pk": "0942095S",
    "fields": {
        "label": "\u00c9cole pour l'informatique et les techniques avanc\u00e9es",
        "city": "Le Kremlin-Bic\u00eatre",
        "department": "Val-de-Marne",
        "zip_code": "94276",
        "country": "France"
    }
},
{
    "model": "core.highereducationinstitution",
    "pk": "0942144V",
    "fields": {
        "label": "Institut polytechnique des sciences avanc\u00e9es",
        "city": "Ivry-sur-Seine",
        "department": "Val-de-Marne",
        "zip_code": "94200",
        "country": "France"
    }
},
{
    "model": "core.highereducationinstitution",
    "pk": "0942193Y",
    "fields": {
        "label": "Institut Sup'Biotech de Paris",
        "city": "Villejuif",
        "department": "Val-de-Marne",
        "zip_code": "94800",
        "country": "France"
    }
},
{
    "model": "core.highereducationinstitution",
    "pk": "0942283W",
    "fields": {
        "label": "Centre des hautes \u00e9tudes de la construction",
        "city": "Arcueil",
        "department": "Val-de-Marne",
        "zip_code": "94110",
        "country": "France"
    }
},
{
    "model": "core.highereducationinstitution",
    "pk": "0942340H",
    "fields": {
        "label": "\u00c9cole sp\u00e9ciale des travaux publics, du b\u00e2timent et de l'industrie",
        "city": "Cachan",
        "department": "Val-de-Marne",
        "zip_code": "94230",
        "country": "France"
    }
},
{
    "model": "core.highereducationinstitution",
    "pk": "0951214D",
    "fields": {
        "label": "\u00c9cole sup\u00e9rieure des sciences \u00e9conomiques et commerciales",
        "city": "Cergy",
        "department": "Val-d'Oise",
        "zip_code": "95021",
        "country": "France"
    }
},
{
    "model": "core.highereducationinstitution",
    "pk": "0951310H",
    "fields": {
        "label": "\u00c9cole nationale sup\u00e9rieure d'arts de Paris-Cergy",
        "city": "Cergy",
        "department": "Val-d'Oise",
        "zip_code": "95000",
        "country": "France"
    }
},
{
    "model": "core.highereducationinstitution",
    "pk": "0951376E",
    "fields": {
        "label": "\u00c9cole nationale sup\u00e9rieure de l'\u00e9lectronique et de ses applications de Cergy",
        "city": "Cergy",
        "department": "Val-d'Oise",
        "zip_code": "95014",
        "country": "France"
    }
},
{
    "model": "core.highereducationinstitution",
    "pk": "0951623Y",
    "fields": {
        "label": "\u00c9cole internationale des sciences du traitement de l'information",
        "city": "Cergy",
        "department": "Val-d'Oise",
        "zip_code": "95011",
        "country": "France"
    }
},
{
    "model": "core.highereducationinstitution",
    "pk": "0951798N",
    "fields": {
        "label": "ITESCIA",
        "city": "Pontoise",
        "department": "Val-d'Oise",
        "zip_code": "95300",
        "country": "France"
    }
},
{
    "model": "core.highereducationinstitution",
    "pk": "0951809A",
    "fields": {
        "label": "Institut libre d'\u00e9ducation physique sup\u00e9rieur",
        "city": "Cergy",
        "department": "Val-d'Oise",
        "zip_code": "95092",
        "country": "France"
    }
},
{
    "model": "core.highereducationinstitution",
    "pk": "0951819L",
    "fields": {
        "label": "ECAM-EPMI",
        "city": "Cergy",
        "department": "Val-d'Oise",
        "zip_code": "95092",
        "country": "France"
    }
},
{
    "model": "core.highereducationinstitution",
    "pk": "0951820M",
    "fields": {
        "label": "\u00c9cole de biologie industrielle",
        "city": "Cergy",
        "department": "Val-d'Oise",
        "zip_code": "95094",
        "country": "France"
    }
},
{
    "model": "core.highereducationinstitution",
    "pk": "0952259P",
    "fields": {
        "label": "CY Cergy Paris Universit\u00e9",
        "city": "Cergy",
        "department": "Val-d'Oise",
        "zip_code": "95011",
        "country": "France"
    }
},
{
    "model": "core.highereducationinstitution",
    "pk": "1260001S",
    "fields": {
        "label": "\u00c9cole fran\u00e7aise d'Ath\u00e8nes",
        "city": "Ath\u00e8nes",
        "department": "\u00c9tranger",
        "zip_code": "",
        "country": "Gr\u00e8ce"
    }
},
{
    "model": "core.highereducationinstitution",
    "pk": "1270009V",
    "fields": {
        "label": "\u00c9cole fran\u00e7aise de Rome",
        "city": "Rome",
        "department": "\u00c9tranger",
        "zip_code": "",
        "country": "Italie"
    }
},
{
    "model": "core.highereducationinstitution",
    "pk": "1340004B",
    "fields": {
        "label": "Casa de Vel\u00e1zquez de Madrid",
        "city": "Madrid",
        "department": "\u00c9tranger",
        "zip_code": "",
        "country": "Espagne"
    }
},
{
    "model": "core.highereducationinstitution",
    "pk": "3010001R",
    "fields": {
        "label": "Institut fran\u00e7ais d'arch\u00e9ologie orientale du Caire",
        "city": "Le Caire",
        "department": "\u00c9tranger",
        "zip_code": "",
        "country": "\u00c9gypte"
    }
},
{
    "model": "core.highereducationinstitution",
    "pk": "7200664J",
    "fields": {
        "label": "Universit\u00e9 de Corse Pasquale Paoli",
        "city": "Corte",
        "department": "Haute-Corse",
        "zip_code": "20250",
        "country": "France"
    }
},
{
    "model": "core.highereducationinstitution",
    "pk": "9710585J",
    "fields": {
        "label": "Universit\u00e9 des Antilles",
        "city": "Pointe-\u00e0-Pitre",
        "department": "Guadeloupe",
        "zip_code": "97157",
        "country": "France"
    }
},
{
    "model": "core.highereducationinstitution",
    "pk": "9730429D",
    "fields": {
        "label": "Universit\u00e9 de Guyane",
        "city": "Cayenne",
        "department": "Guyane",
        "zip_code": "97337",
        "country": "France"
    }
},
{
    "model": "core.highereducationinstitution",
    "pk": "9740478B",
    "fields": {
        "label": "Universit\u00e9 de La R\u00e9union",
        "city": "Saint-Denis",
        "department": "La R\u00e9union",
        "zip_code": "97715",
        "country": "France"
    }
},
{
    "model": "core.highereducationinstitution",
    "pk": "9760358K",
    "fields": {
        "label": "Centre Universitaire de Mayotte",
        "city": "Dembeni",
        "department": "Mayotte",
        "zip_code": "97660",
        "country": "France"
    }
},
{
    "model": "core.highereducationinstitution",
    "pk": "9830445S",
    "fields": {
        "label": "Universit\u00e9 de la Nouvelle-Cal\u00e9donie",
        "city": "Noum\u00e9a",
        "department": "Nouvelle-Cal\u00e9donie",
        "zip_code": "98851",
        "country": "France"
    }
},
{
    "model": "core.highereducationinstitution",
    "pk": "9840349G",
    "fields": {
        "label": "Universit\u00e9 de la Polyn\u00e9sie Fran\u00e7aise",
        "city": "Punaauia",
        "department": "Polyn\u00e9sie Fran\u00e7aise",
        "zip_code": "98704",
        "country": "France"
    }
},
{
    "model": "core.annualstatistics",
    "pk": "2020/2021",
    "fields": {
        "platform_registrations": 11,
        "one_immersion_registrations": 8,
        "multiple_immersions_registrations": 1,
        "participants_one_immersion": 4,
        "participants_multiple_immersions": 0,
        "immersion_registrations": 46,
        "seats_count": 368,
        "components_count": 5,
        "trainings_one_slot_count": 7,
        "courses_one_slot_count": 22,
        "total_slots_count": 53,
        "approved_highschools": 5,
        "highschools_without_students": 1
    }
},
{
    "model": "auth.group",
    "pk": 1,
    "fields": {
        "name": "SCUIO-IP",
        "permissions": []
    }
},
{
    "model": "auth.group",
    "pk": 2,
    "fields": {
        "name": "ENS-CH",
        "permissions": []
    }
},
{
    "model": "auth.group",
    "pk": 3,
    "fields": {
        "name": "REF-CMP",
        "permissions": []
    }
},
{
    "model": "auth.group",
    "pk": 4,
    "fields": {
        "name": "REF-LYC",
        "permissions": []
    }
},
{
    "model": "auth.group",
    "pk": 5,
    "fields": {
        "name": "ETU",
        "permissions": []
    }
},
{
    "model": "auth.group",
    "pk": 6,
    "fields": {
        "name": "SRV-JUR",
        "permissions": []
    }
},
{
    "model": "auth.group",
    "pk": 7,
    "fields": {
        "name": "LYC",
        "permissions": []
    }
},
{
    "model": "core.immersionuser",
    "pk": 2,
    "fields": {
        "password": "pbkdf2_sha256$150000$wmcSCImSlxrT$D9r0x9B2zlVIZTYiS1z+CFw/UCKmQKRiWLy6yoEaq3w=",
        "last_login": "2020-04-24T07:51:41.278Z",
        "is_superuser": true,
        "username": "admin1",
        "first_name": "",
        "last_name": "",
        "email": "",
        "is_staff": true,
        "is_active": true,
        "date_joined": "2020-01-15T11:02:54Z",
        "highschool": null,
        "destruction_date": null,
        "validation_string": null,
        "recovery_string": null,
        "groups": [
            2
        ],
        "user_permissions": [],
        "components": []
    }
},
{
    "model": "core.immersionuser",
    "pk": 3,
    "fields": {
        "password": "pbkdf2_sha256$150000$wmcSCImSlxrT$D9r0x9B2zlVIZTYiS1z+CFw/UCKmQKRiWLy6yoEaq3w=",
        "last_login": null,
        "is_superuser": false,
        "username": "test-scuio-ip",
        "first_name": "TEST",
        "last_name": "SCUIO-IP",
        "email": "",
        "is_staff": true,
        "is_active": true,
        "date_joined": "2020-01-15T11:03:33Z",
        "highschool": null,
        "destruction_date": null,
        "validation_string": null,
        "recovery_string": null,
        "groups": [
            1
        ],
        "user_permissions": [],
        "components": []
    }
},
{
    "model": "core.immersionuser",
    "pk": 4,
    "fields": {
        "password": "pbkdf2_sha256$150000$wmcSCImSlxrT$D9r0x9B2zlVIZTYiS1z+CFw/UCKmQKRiWLy6yoEaq3w=",
        "last_login": "2020-04-20T20:04:09.978Z",
        "is_superuser": true,
        "username": "admin2",
        "first_name": "",
        "last_name": "",
        "email": "",
        "is_staff": true,
        "is_active": true,
        "date_joined": "2020-01-15T11:04:08Z",
        "highschool": null,
        "destruction_date": null,
        "validation_string": null,
        "recovery_string": null,
        "groups": [],
        "user_permissions": [],
        "components": []
    }
},
{
    "model": "core.immersionuser",
    "pk": 5,
    "fields": {
        "password": "pbkdf2_sha256$150000$wmcSCImSlxrT$D9r0x9B2zlVIZTYiS1z+CFw/UCKmQKRiWLy6yoEaq3w=",
        "last_login": "2020-04-17T07:26:02.775Z",
        "is_superuser": true,
        "username": "admin3",
        "first_name": "",
        "last_name": "",
        "email": "",
        "is_staff": true,
        "is_active": true,
        "date_joined": "2020-01-15T11:04:40Z",
        "highschool": null,
        "destruction_date": null,
        "validation_string": null,
        "recovery_string": null,
        "groups": [],
        "user_permissions": [],
        "components": []
    }
},
{
    "model": "core.immersionuser",
    "pk": 18,
    "fields": {
        "password": "pbkdf2_sha256$150000$wmcSCImSlxrT$D9r0x9B2zlVIZTYiS1z+CFw/UCKmQKRiWLy6yoEaq3w=",
        "last_login": "2020-03-02T09:01:09.313Z",
        "is_superuser": true,
        "username": "admin4",
        "first_name": "Gerard",
        "last_name": "MARTIN",
        "email": "gerard.martin@domaine.fr",
        "is_staff": true,
        "is_active": true,
        "date_joined": "2020-01-27T09:12:26Z",
        "highschool": null,
        "destruction_date": null,
        "validation_string": null,
        "recovery_string": null,
        "groups": [
            3,
            2
        ],
        "user_permissions": [],
        "components": [
            3
        ]
    }
},
{
    "model": "core.immersionuser",
    "pk": 19,
    "fields": {
        "password": "pbkdf2_sha256$150000$wmcSCImSlxrT$D9r0x9B2zlVIZTYiS1z+CFw/UCKmQKRiWLy6yoEaq3w=",
        "last_login": null,
        "is_superuser": false,
        "username": "jdurand",
        "first_name": "Julien",
        "last_name": "Durand",
        "email": "julien.durand@domaine.fr",
        "is_staff": false,
        "is_active": true,
        "date_joined": "2020-02-05T11:06:24.659Z",
        "highschool": null,
        "destruction_date": null,
        "validation_string": null,
        "recovery_string": null,
        "groups": [
            2
        ],
        "user_permissions": [],
        "components": []
    }
},
{
    "model": "core.immersionuser",
    "pk": 20,
    "fields": {
        "password": "pbkdf2_sha256$150000$wmcSCImSlxrT$D9r0x9B2zlVIZTYiS1z+CFw/UCKmQKRiWLy6yoEaq3w=",
        "last_login": null,
        "is_superuser": false,
        "username": "test-math",
        "first_name": "TEST",
        "last_name": "MATH",
        "email": "",
        "is_staff": false,
        "is_active": true,
        "date_joined": "2020-02-06T15:01:15Z",
        "highschool": null,
        "destruction_date": null,
        "validation_string": null,
        "recovery_string": null,
        "groups": [
            3
        ],
        "user_permissions": [],
        "components": [
            2
        ]
    }
},
{
    "model": "core.immersionuser",
    "pk": 21,
    "fields": {
        "password": "pbkdf2_sha256$150000$wmcSCImSlxrT$D9r0x9B2zlVIZTYiS1z+CFw/UCKmQKRiWLy6yoEaq3w=",
        "last_login": null,
        "is_superuser": false,
        "username": "test-eco",
        "first_name": "TEST",
        "last_name": "ECO",
        "email": "",
        "is_staff": false,
        "is_active": true,
        "date_joined": "2020-02-06T15:01:45Z",
        "highschool": null,
        "destruction_date": null,
        "validation_string": null,
        "recovery_string": null,
        "groups": [
            3
        ],
        "user_permissions": [],
        "components": [
            6
        ]
    }
},
{
    "model": "core.immersionuser",
    "pk": 22,
    "fields": {
        "password": "pbkdf2_sha256$150000$wmcSCImSlxrT$D9r0x9B2zlVIZTYiS1z+CFw/UCKmQKRiWLy6yoEaq3w=",
        "last_login": null,
        "is_superuser": false,
        "username": "myriam.michel",
        "first_name": "Myriam",
        "last_name": "MICHEL",
        "email": "mmichel@domaine.fr",
        "is_staff": false,
        "is_active": true,
        "date_joined": "2020-02-06T15:04:26.485Z",
        "highschool": null,
        "destruction_date": null,
        "validation_string": null,
        "recovery_string": null,
        "groups": [
            2
        ],
        "user_permissions": [],
        "components": []
    }
},
{
    "model": "core.immersionuser",
    "pk": 23,
    "fields": {
        "password": "pbkdf2_sha256$150000$wmcSCImSlxrT$D9r0x9B2zlVIZTYiS1z+CFw/UCKmQKRiWLy6yoEaq3w=",
        "last_login": null,
        "is_superuser": false,
        "username": "wambrosi",
        "first_name": "Marcel",
        "last_name": "WAMBROSI",
        "email": "wambrosi@domaine.fr",
        "is_staff": false,
        "is_active": true,
        "date_joined": "2020-02-06T15:04:26.523Z",
        "highschool": null,
        "destruction_date": null,
        "validation_string": null,
        "recovery_string": null,
        "groups": [
            2
        ],
        "user_permissions": [],
        "components": []
    }
},
{
    "model": "core.immersionuser",
    "pk": 24,
    "fields": {
        "password": "pbkdf2_sha256$150000$wmcSCImSlxrT$D9r0x9B2zlVIZTYiS1z+CFw/UCKmQKRiWLy6yoEaq3w=",
        "last_login": null,
        "is_superuser": false,
        "username": "ljones",
        "first_name": "Lucien",
        "last_name": "JONES",
        "email": "ljones@domaine.fr",
        "is_staff": false,
        "is_active": true,
        "date_joined": "2020-02-06T15:10:36.097Z",
        "highschool": null,
        "destruction_date": null,
        "validation_string": null,
        "recovery_string": null,
        "groups": [
            2
        ],
        "user_permissions": [],
        "components": []
    }
},
{
    "model": "core.immersionuser",
    "pk": 26,
    "fields": {
        "password": "pbkdf2_sha256$150000$wmcSCImSlxrT$D9r0x9B2zlVIZTYiS1z+CFw/UCKmQKRiWLy6yoEaq3w=",
        "last_login": null,
        "is_superuser": false,
        "username": "simone.bartel",
        "first_name": "Simone",
        "last_name": "Bartel",
        "email": "simone.bartel@domaine.fr",
        "is_staff": false,
        "is_active": true,
        "date_joined": "2020-02-07T10:49:33.137Z",
        "highschool": null,
        "destruction_date": null,
        "validation_string": null,
        "recovery_string": null,
        "groups": [
            2
        ],
        "user_permissions": [],
        "components": []
    }
},
{
    "model": "core.immersionuser",
    "pk": 27,
    "fields": {
        "password": "pbkdf2_sha256$150000$wmcSCImSlxrT$D9r0x9B2zlVIZTYiS1z+CFw/UCKmQKRiWLy6yoEaq3w=",
        "last_login": null,
        "is_superuser": false,
        "username": "alice.lalanne",
        "first_name": "Alice",
        "last_name": "LALANNE",
        "email": "alice@domaine.fr",
        "is_staff": false,
        "is_active": true,
        "date_joined": "2020-02-07T13:55:03.827Z",
        "highschool": null,
        "destruction_date": null,
        "validation_string": null,
        "recovery_string": null,
        "groups": [
            2
        ],
        "user_permissions": [],
        "components": []
    }
},
{
    "model": "core.immersionuser",
    "pk": 28,
    "fields": {
        "password": "pbkdf2_sha256$150000$wmcSCImSlxrT$D9r0x9B2zlVIZTYiS1z+CFw/UCKmQKRiWLy6yoEaq3w=",
        "last_login": null,
        "is_superuser": false,
        "username": "fbonard",
        "first_name": "Franck",
        "last_name": "Bonard",
        "email": "fbonard@domaine.fr",
        "is_staff": false,
        "is_active": true,
        "date_joined": "2020-02-07T18:45:28.373Z",
        "highschool": null,
        "destruction_date": null,
        "validation_string": null,
        "recovery_string": null,
        "groups": [
            2
        ],
        "user_permissions": [],
        "components": []
    }
},
{
    "model": "core.immersionuser",
    "pk": 29,
    "fields": {
        "password": "pbkdf2_sha256$150000$wmcSCImSlxrT$D9r0x9B2zlVIZTYiS1z+CFw/UCKmQKRiWLy6yoEaq3w=",
        "last_login": null,
        "is_superuser": false,
        "username": "aulias",
        "first_name": "Arthur",
        "last_name": "Aulias",
        "email": "arthur.aulias@domaine.fr",
        "is_staff": false,
        "is_active": true,
        "date_joined": "2020-02-10T08:56:29Z",
        "highschool": null,
        "destruction_date": null,
        "validation_string": null,
        "recovery_string": null,
        "groups": [
            2
        ],
        "user_permissions": [],
        "components": []
    }
},
{
    "model": "core.immersionuser",
    "pk": 31,
    "fields": {
        "password": "pbkdf2_sha256$150000$wmcSCImSlxrT$D9r0x9B2zlVIZTYiS1z+CFw/UCKmQKRiWLy6yoEaq3w=",
        "last_login": null,
        "is_superuser": false,
        "username": "R\u00e9f\u00e9rent_lyc\u00e9eMarieCurie",
        "first_name": "Marie Curie",
        "last_name": "Test",
        "email": "mariecurie@ac-strasbourg.eu",
        "is_staff": false,
        "is_active": true,
        "date_joined": "2020-02-14T08:24:00Z",
        "highschool": 5,
        "destruction_date": null,
        "validation_string": null,
        "recovery_string": null,
        "groups": [
            4
        ],
        "user_permissions": [],
        "components": []
    }
},
{
    "model": "core.immersionuser",
    "pk": 32,
    "fields": {
        "password": "pbkdf2_sha256$150000$wmcSCImSlxrT$D9r0x9B2zlVIZTYiS1z+CFw/UCKmQKRiWLy6yoEaq3w=",
        "last_login": null,
        "is_superuser": false,
        "username": "gauthierb",
        "first_name": "Bertrand",
        "last_name": "Gauthier",
        "email": "gauthierb@domaine.fr",
        "is_staff": false,
        "is_active": true,
        "date_joined": "2020-02-14T14:53:09.722Z",
        "highschool": null,
        "destruction_date": null,
        "validation_string": null,
        "recovery_string": null,
        "groups": [
            2
        ],
        "user_permissions": [],
        "components": []
    }
},
{
    "model": "core.immersionuser",
    "pk": 40,
    "fields": {
        "password": "pbkdf2_sha256$150000$wmcSCImSlxrT$D9r0x9B2zlVIZTYiS1z+CFw/UCKmQKRiWLy6yoEaq3w=",
        "last_login": null,
        "is_superuser": false,
        "username": "mon_test",
        "first_name": "Test",
        "last_name": "Test",
        "email": "TestrefLycee@strasbourg.eu",
        "is_staff": false,
        "is_active": true,
        "date_joined": "2020-02-17T09:14:55Z",
        "highschool": 3,
        "destruction_date": null,
        "validation_string": null,
        "recovery_string": null,
        "groups": [
            4
        ],
        "user_permissions": [],
        "components": []
    }
},
{
    "model": "core.immersionuser",
    "pk": 41,
    "fields": {
        "password": "pbkdf2_sha256$150000$wmcSCImSlxrT$D9r0x9B2zlVIZTYiS1z+CFw/UCKmQKRiWLy6yoEaq3w=",
        "last_login": null,
        "is_superuser": false,
        "username": "mon_test_2",
        "first_name": "",
        "last_name": "",
        "email": "",
        "is_staff": false,
        "is_active": true,
        "date_joined": "2020-02-17T09:15:58.050Z",
        "highschool": null,
        "destruction_date": null,
        "validation_string": null,
        "recovery_string": null,
        "groups": [],
        "user_permissions": [],
        "components": []
    }
},
{
    "model": "core.immersionuser",
    "pk": 42,
    "fields": {
        "password": "pbkdf2_sha256$150000$wmcSCImSlxrT$D9r0x9B2zlVIZTYiS1z+CFw/UCKmQKRiWLy6yoEaq3w=",
        "last_login": "2020-02-20T12:28:23.161Z",
        "is_superuser": false,
        "username": "@EXTERNAL@_karamasof@google.fr",
        "first_name": "Bertrand",
        "last_name": "Schmitt",
        "email": "karamasof@google.com",
        "is_staff": false,
        "is_active": true,
        "date_joined": "2020-02-17T09:59:48.648Z",
        "highschool": null,
        "destruction_date": null,
        "validation_string": null,
        "recovery_string": null,
        "groups": [
            7
        ],
        "user_permissions": [],
        "components": []
    }
},
{
    "model": "core.immersionuser",
    "pk": 45,
    "fields": {
        "password": "pbkdf2_sha256$150000$wmcSCImSlxrT$D9r0x9B2zlVIZTYiS1z+CFw/UCKmQKRiWLy6yoEaq3w=",
        "last_login": "2020-02-17T14:32:49.299Z",
        "is_superuser": true,
        "username": "admin5",
        "first_name": "",
        "last_name": "",
        "email": "",
        "is_staff": true,
        "is_active": true,
        "date_joined": "2020-02-17T14:32:32Z",
        "highschool": null,
        "destruction_date": null,
        "validation_string": null,
        "recovery_string": null,
        "groups": [],
        "user_permissions": [],
        "components": []
    }
},
{
    "model": "core.immersionuser",
    "pk": 46,
    "fields": {
        "password": "pbkdf2_sha256$150000$wmcSCImSlxrT$D9r0x9B2zlVIZTYiS1z+CFw/UCKmQKRiWLy6yoEaq3w=",
        "last_login": "2020-02-21T15:19:43.880Z",
        "is_superuser": false,
        "username": "@EXTERNAL@_test2@domaine.fr",
        "first_name": "Test",
        "last_name": "Lyc\u00e9en2",
        "email": "test2@domaine.fr",
        "is_staff": false,
        "is_active": true,
        "date_joined": "2020-02-18T10:37:55.603Z",
        "highschool": null,
        "destruction_date": null,
        "validation_string": null,
        "recovery_string": null,
        "groups": [
            7
        ],
        "user_permissions": [],
        "components": []
    }
},
{
    "model": "core.immersionuser",
    "pk": 47,
    "fields": {
        "password": "pbkdf2_sha256$150000$wmcSCImSlxrT$D9r0x9B2zlVIZTYiS1z+CFw/UCKmQKRiWLy6yoEaq3w=",
        "last_login": "2020-02-20T10:18:41.385Z",
        "is_superuser": false,
        "username": "@EXTERNAL@_test@domaine.fr",
        "first_name": "Test",
        "last_name": "Elisabeth",
        "email": "test@domaine.fr",
        "is_staff": false,
        "is_active": true,
        "date_joined": "2020-02-19T08:39:14.601Z",
        "highschool": null,
        "destruction_date": null,
        "validation_string": null,
        "recovery_string": "86d9287aebdf42e08c4e61b2881aa9e8",
        "groups": [
            7
        ],
        "user_permissions": [],
        "components": []
    }
},
{
    "model": "core.immersionuser",
    "pk": 49,
    "fields": {
        "password": "pbkdf2_sha256$150000$wmcSCImSlxrT$D9r0x9B2zlVIZTYiS1z+CFw/UCKmQKRiWLy6yoEaq3w=",
        "last_login": null,
        "is_superuser": false,
        "username": "fpasson",
        "first_name": "Fabien",
        "last_name": "Passon",
        "email": "passon@domaine.fr",
        "is_staff": false,
        "is_active": true,
        "date_joined": "2020-02-20T08:18:26.986Z",
        "highschool": null,
        "destruction_date": null,
        "validation_string": null,
        "recovery_string": null,
        "groups": [
            2
        ],
        "user_permissions": [],
        "components": []
    }
},
{
    "model": "core.immersionuser",
    "pk": 50,
    "fields": {
        "password": "pbkdf2_sha256$150000$wmcSCImSlxrT$D9r0x9B2zlVIZTYiS1z+CFw/UCKmQKRiWLy6yoEaq3w=",
        "last_login": null,
        "is_superuser": false,
        "username": "adeline.mangin",
        "first_name": "Adeline",
        "last_name": "Mangin",
        "email": "adeline.mangin@domaine.fr",
        "is_staff": false,
        "is_active": true,
        "date_joined": "2020-02-20T08:21:25.551Z",
        "highschool": null,
        "destruction_date": null,
        "validation_string": null,
        "recovery_string": null,
        "groups": [
            2
        ],
        "user_permissions": [],
        "components": []
    }
},
{
    "model": "core.immersionuser",
    "pk": 55,
    "fields": {
        "password": "pbkdf2_sha256$150000$wmcSCImSlxrT$D9r0x9B2zlVIZTYiS1z+CFw/UCKmQKRiWLy6yoEaq3w=",
        "last_login": null,
        "is_superuser": false,
        "username": "jlutz",
        "first_name": "Julie",
        "last_name": "Lutz",
        "email": "jlutz@domaine.fr",
        "is_staff": false,
        "is_active": true,
        "date_joined": "2020-02-20T10:02:45.175Z",
        "highschool": null,
        "destruction_date": null,
        "validation_string": null,
        "recovery_string": null,
        "groups": [
            2
        ],
        "user_permissions": [],
        "components": []
    }
},
{
    "model": "core.immersionuser",
    "pk": 56,
    "fields": {
        "password": "pbkdf2_sha256$150000$wmcSCImSlxrT$D9r0x9B2zlVIZTYiS1z+CFw/UCKmQKRiWLy6yoEaq3w=",
        "last_login": null,
        "is_superuser": false,
        "username": "rancel",
        "first_name": "raymond",
        "last_name": "Ancel",
        "email": "rancel@domaine.fr",
        "is_staff": false,
        "is_active": true,
        "date_joined": "2020-02-20T10:16:47.354Z",
        "highschool": null,
        "destruction_date": null,
        "validation_string": null,
        "recovery_string": null,
        "groups": [
            2
        ],
        "user_permissions": [],
        "components": []
    }
},
{
    "model": "core.immersionuser",
    "pk": 57,
    "fields": {
        "password": "pbkdf2_sha256$150000$wmcSCImSlxrT$D9r0x9B2zlVIZTYiS1z+CFw/UCKmQKRiWLy6yoEaq3w=",
        "last_login": null,
        "is_superuser": false,
        "username": "olivia.collard",
        "first_name": "Olivia",
        "last_name": "Collard",
        "email": "olivia.collard@domaine.fr",
        "is_staff": false,
        "is_active": true,
        "date_joined": "2020-02-20T10:25:17.183Z",
        "highschool": null,
        "destruction_date": null,
        "validation_string": null,
        "recovery_string": null,
        "groups": [
            2
        ],
        "user_permissions": [],
        "components": []
    }
},
{
    "model": "core.immersionuser",
    "pk": 58,
    "fields": {
        "password": "pbkdf2_sha256$150000$wmcSCImSlxrT$D9r0x9B2zlVIZTYiS1z+CFw/UCKmQKRiWLy6yoEaq3w=",
        "last_login": null,
        "is_superuser": false,
        "username": "amarcel",
        "first_name": "Aline",
        "last_name": "Marcel",
        "email": "amarcel@domaine.fr",
        "is_staff": false,
        "is_active": true,
        "date_joined": "2020-02-20T10:31:18.103Z",
        "highschool": null,
        "destruction_date": null,
        "validation_string": null,
        "recovery_string": null,
        "groups": [
            2
        ],
        "user_permissions": [],
        "components": []
    }
},
{
    "model": "core.immersionuser",
    "pk": 60,
    "fields": {
        "password": "pbkdf2_sha256$150000$wmcSCImSlxrT$D9r0x9B2zlVIZTYiS1z+CFw/UCKmQKRiWLy6yoEaq3w=",
        "last_login": null,
        "is_superuser": false,
        "username": "jjg",
        "first_name": "Jean-Jacques",
        "last_name": "Gicquel",
        "email": "gicquel@domaine.fr",
        "is_staff": false,
        "is_active": true,
        "date_joined": "2020-02-21T09:38:13.772Z",
        "highschool": null,
        "destruction_date": null,
        "validation_string": null,
        "recovery_string": null,
        "groups": [
            2
        ],
        "user_permissions": [],
        "components": []
    }
},
{
    "model": "core.immersionuser",
    "pk": 63,
    "fields": {
        "password": "pbkdf2_sha256$150000$wmcSCImSlxrT$D9r0x9B2zlVIZTYiS1z+CFw/UCKmQKRiWLy6yoEaq3w=",
        "last_login": "2020-02-21T14:48:42.350Z",
        "is_superuser": false,
        "username": "@EXTERNAL@_greg_b@gmail.com",
        "first_name": "Gregory",
        "last_name": "Brossard",
        "email": "greg_b@gmail.com",
        "is_staff": false,
        "is_active": true,
        "date_joined": "2020-02-21T14:23:13.375Z",
        "highschool": null,
        "destruction_date": null,
        "validation_string": null,
        "recovery_string": null,
        "groups": [
            7
        ],
        "user_permissions": [],
        "components": []
    }
},
{
    "model": "core.immersionuser",
    "pk": 65,
    "fields": {
        "password": "pbkdf2_sha256$150000$wmcSCImSlxrT$D9r0x9B2zlVIZTYiS1z+CFw/UCKmQKRiWLy6yoEaq3w=",
        "last_login": null,
        "is_superuser": false,
        "username": "monreferentLycee",
        "first_name": "Test",
        "last_name": "Kleber",
        "email": "kleber@ac-strasbourg.eu",
        "is_staff": false,
        "is_active": true,
        "date_joined": "2020-02-21T15:00:24Z",
        "highschool": 6,
        "destruction_date": null,
        "validation_string": null,
        "recovery_string": null,
        "groups": [
            4
        ],
        "user_permissions": [],
        "components": []
    }
},
{
    "model": "core.immersionuser",
    "pk": 66,
    "fields": {
        "password": "pbkdf2_sha256$150000$wmcSCImSlxrT$D9r0x9B2zlVIZTYiS1z+CFw/UCKmQKRiWLy6yoEaq3w=",
        "last_login": "2020-03-25T08:59:23.744Z",
        "is_superuser": false,
        "username": "R\u00e9f\u00e9rent_lyc\u00e9eJeanMonnet",
        "first_name": "Elise",
        "last_name": "Billets",
        "email": "jeanmonnet@ac-strasbourg.eu",
        "is_staff": false,
        "is_active": true,
        "date_joined": "2020-02-25T07:48:12Z",
        "highschool": 2,
        "destruction_date": null,
        "validation_string": null,
        "recovery_string": null,
        "groups": [
            4
        ],
        "user_permissions": [],
        "components": []
    }
},
{
    "model": "core.immersionuser",
    "pk": 67,
    "fields": {
        "password": "pbkdf2_sha256$150000$wmcSCImSlxrT$D9r0x9B2zlVIZTYiS1z+CFw/UCKmQKRiWLy6yoEaq3w=",
        "last_login": "2020-02-25T16:13:43.720Z",
        "is_superuser": false,
        "username": "@EXTERNAL@_pouille@domaine.fr",
        "first_name": "Christian",
        "last_name": "Pouille",
        "email": "pouille@domaine.fr",
        "is_staff": false,
        "is_active": true,
        "date_joined": "2020-02-25T15:07:56.064Z",
        "highschool": null,
        "destruction_date": null,
        "validation_string": null,
        "recovery_string": null,
        "groups": [
            7
        ],
        "user_permissions": [],
        "components": []
    }
},
{
    "model": "core.immersionuser",
    "pk": 70,
    "fields": {
        "password": "pbkdf2_sha256$150000$wmcSCImSlxrT$D9r0x9B2zlVIZTYiS1z+CFw/UCKmQKRiWLy6yoEaq3w=",
        "last_login": null,
        "is_superuser": false,
        "username": "iflorent",
        "first_name": "Ir\u00e8ne",
        "last_name": "Florent",
        "email": "iflorent@domaine.fr",
        "is_staff": false,
        "is_active": true,
        "date_joined": "2020-02-28T12:39:17.420Z",
        "highschool": null,
        "destruction_date": null,
        "validation_string": null,
        "recovery_string": null,
        "groups": [
            2
        ],
        "user_permissions": [],
        "components": []
    }
},
{
    "model": "core.immersionuser",
    "pk": 71,
    "fields": {
        "password": "pbkdf2_sha256$150000$wmcSCImSlxrT$D9r0x9B2zlVIZTYiS1z+CFw/UCKmQKRiWLy6yoEaq3w=",
        "last_login": null,
        "is_superuser": false,
        "username": "dmarchal",
        "first_name": "Dominique",
        "last_name": "Marchal",
        "email": "dmarchal@domaine.fr",
        "is_staff": false,
        "is_active": true,
        "date_joined": "2020-02-28T12:39:17.610Z",
        "highschool": null,
        "destruction_date": null,
        "validation_string": null,
        "recovery_string": null,
        "groups": [
            2
        ],
        "user_permissions": [],
        "components": []
    }
},
{
    "model": "core.immersionuser",
    "pk": 72,
    "fields": {
        "password": "pbkdf2_sha256$150000$wmcSCImSlxrT$D9r0x9B2zlVIZTYiS1z+CFw/UCKmQKRiWLy6yoEaq3w=",
        "last_login": null,
        "is_superuser": false,
        "username": "lemarchand",
        "first_name": "Eric",
        "last_name": "LEMARCHAND",
        "email": "elemarchand@domaine.fr",
        "is_staff": false,
        "is_active": true,
        "date_joined": "2020-03-02T08:38:16.533Z",
        "highschool": null,
        "destruction_date": null,
        "validation_string": null,
        "recovery_string": null,
        "groups": [
            2
        ],
        "user_permissions": [],
        "components": []
    }
},
{
    "model": "core.immersionuser",
    "pk": 73,
    "fields": {
        "password": "pbkdf2_sha256$150000$wmcSCImSlxrT$D9r0x9B2zlVIZTYiS1z+CFw/UCKmQKRiWLy6yoEaq3w=",
        "last_login": "2020-03-02T09:32:46.609Z",
        "is_superuser": false,
        "username": "@EXTERNAL@_armand@gmail.com",
        "first_name": "Armand",
        "last_name": "Blancher",
        "email": "armand@gmail.com",
        "is_staff": false,
        "is_active": true,
        "date_joined": "2020-03-02T09:23:38.247Z",
        "highschool": null,
        "destruction_date": null,
        "validation_string": null,
        "recovery_string": null,
        "groups": [
            7
        ],
        "user_permissions": [],
        "components": []
    }
},
{
    "model": "core.immersionuser",
    "pk": 74,
    "fields": {
        "password": "pbkdf2_sha256$150000$wmcSCImSlxrT$D9r0x9B2zlVIZTYiS1z+CFw/UCKmQKRiWLy6yoEaq3w=",
        "last_login": "2020-03-06T15:02:09.151Z",
        "is_superuser": false,
        "username": "@EXTERNAL@_brice@gmail.com",
        "first_name": "Brice",
        "last_name": "Ferrand",
        "email": "brice@gmail.com",
        "is_staff": false,
        "is_active": true,
        "date_joined": "2020-03-02T09:26:54.947Z",
        "highschool": null,
        "destruction_date": null,
        "validation_string": null,
        "recovery_string": null,
        "groups": [
            7
        ],
        "user_permissions": [],
        "components": []
    }
},
{
    "model": "core.immersionuser",
    "pk": 75,
    "fields": {
        "password": "pbkdf2_sha256$150000$wmcSCImSlxrT$D9r0x9B2zlVIZTYiS1z+CFw/UCKmQKRiWLy6yoEaq3w=",
        "last_login": null,
        "is_superuser": false,
        "username": "jeanmonnet",
        "first_name": "jean",
        "last_name": "monnet",
        "email": "jeanmonnet@strasbourg.eu",
        "is_staff": false,
        "is_active": true,
        "date_joined": "2020-03-02T09:44:57Z",
        "highschool": 2,
        "destruction_date": null,
        "validation_string": null,
        "recovery_string": null,
        "groups": [
            4
        ],
        "user_permissions": [],
        "components": []
    }
},
{
    "model": "core.immersionuser",
    "pk": 76,
    "fields": {
        "password": "pbkdf2_sha256$150000$wmcSCImSlxrT$D9r0x9B2zlVIZTYiS1z+CFw/UCKmQKRiWLy6yoEaq3w=",
        "last_login": null,
        "is_superuser": false,
        "username": "romu",
        "first_name": "Romuald",
        "last_name": "Meron",
        "email": "rmeron@domaine.fr",
        "is_staff": false,
        "is_active": true,
        "date_joined": "2020-03-02T11:47:53.293Z",
        "highschool": null,
        "destruction_date": null,
        "validation_string": null,
        "recovery_string": null,
        "groups": [
            2
        ],
        "user_permissions": [],
        "components": []
    }
},
{
    "model": "core.immersionuser",
    "pk": 77,
    "fields": {
        "password": "pbkdf2_sha256$150000$wmcSCImSlxrT$D9r0x9B2zlVIZTYiS1z+CFw/UCKmQKRiWLy6yoEaq3w=",
        "last_login": null,
        "is_superuser": false,
        "username": "matt",
        "first_name": "Matthieu",
        "last_name": "JULES",
        "email": "mjules@domaine.fr",
        "is_staff": false,
        "is_active": true,
        "date_joined": "2020-03-02T14:51:56.015Z",
        "highschool": null,
        "destruction_date": null,
        "validation_string": null,
        "recovery_string": null,
        "groups": [
            2
        ],
        "user_permissions": [],
        "components": []
    }
},
{
    "model": "core.immersionuser",
    "pk": 78,
    "fields": {
        "password": "pbkdf2_sha256$150000$wmcSCImSlxrT$D9r0x9B2zlVIZTYiS1z+CFw/UCKmQKRiWLy6yoEaq3w=",
        "last_login": null,
        "is_superuser": false,
        "username": "jp",
        "first_name": "Jean",
        "last_name": "Pierre",
        "email": "j.pierre@domaine.fr",
        "is_staff": false,
        "is_active": true,
        "date_joined": "2020-03-09T09:45:28.661Z",
        "highschool": null,
        "destruction_date": null,
        "validation_string": null,
        "recovery_string": null,
        "groups": [
            2
        ],
        "user_permissions": [],
        "components": []
    }
},
{
    "model": "core.immersionuser",
    "pk": 88,
    "fields": {
        "password": "pbkdf2_sha256$150000$wmcSCImSlxrT$D9r0x9B2zlVIZTYiS1z+CFw/UCKmQKRiWLy6yoEaq3w=",
        "last_login": null,
        "is_superuser": false,
        "username": "@EXTERNAL@_pauline@gmail.com",
        "first_name": "Pauline",
        "last_name": "Martel",
        "email": "pauline@gmail.com",
        "is_staff": false,
        "is_active": true,
        "date_joined": "2020-03-20T09:40:40.313Z",
        "highschool": null,
        "destruction_date": null,
        "validation_string": null,
        "recovery_string": null,
        "groups": [
            7
        ],
        "user_permissions": [],
        "components": []
    }
},
{
    "model": "core.immersionuser",
    "pk": 95,
    "fields": {
        "password": "pbkdf2_sha256$150000$wmcSCImSlxrT$D9r0x9B2zlVIZTYiS1z+CFw/UCKmQKRiWLy6yoEaq3w=",
        "last_login": "2020-03-23T15:58:55.019Z",
        "is_superuser": false,
        "username": "@EXTERNAL@_marabou@gmail.com",
        "first_name": "Corinne",
        "last_name": "Marabou",
        "email": "marabou@gmail.com",
        "is_staff": false,
        "is_active": true,
        "date_joined": "2020-03-23T15:54:35.730Z",
        "highschool": null,
        "destruction_date": null,
        "validation_string": null,
        "recovery_string": null,
        "groups": [
            7
        ],
        "user_permissions": [],
        "components": []
    }
},
{
    "model": "core.immersionuser",
    "pk": 97,
    "fields": {
        "password": "pbkdf2_sha256$150000$wmcSCImSlxrT$D9r0x9B2zlVIZTYiS1z+CFw/UCKmQKRiWLy6yoEaq3w=",
        "last_login": "2020-03-25T08:08:25.032Z",
        "is_superuser": false,
        "username": "@EXTERNAL@_gabriel@gmail.com",
        "first_name": "Gabriel",
        "last_name": "Stephan",
        "email": "gabriel@gmail.com",
        "is_staff": false,
        "is_active": true,
        "date_joined": "2020-03-25T08:07:24.054Z",
        "highschool": null,
        "destruction_date": null,
        "validation_string": null,
        "recovery_string": null,
        "groups": [
            7
        ],
        "user_permissions": [],
        "components": []
    }
},
{
    "model": "core.immersionuser",
    "pk": 98,
    "fields": {
        "password": "pbkdf2_sha256$150000$wmcSCImSlxrT$D9r0x9B2zlVIZTYiS1z+CFw/UCKmQKRiWLy6yoEaq3w=",
        "last_login": null,
        "is_superuser": false,
        "username": "duval",
        "first_name": "Carole",
        "last_name": "Duval",
        "email": "carole.duval@domaine.fr",
        "is_staff": false,
        "is_active": true,
        "date_joined": "2020-03-30T12:22:26.522Z",
        "highschool": null,
        "destruction_date": null,
        "validation_string": null,
        "recovery_string": null,
        "groups": [
            2
        ],
        "user_permissions": [],
        "components": []
    }
},
{
    "model": "core.immersionuser",
    "pk": 99,
    "fields": {
        "password": "pbkdf2_sha256$150000$wmcSCImSlxrT$D9r0x9B2zlVIZTYiS1z+CFw/UCKmQKRiWLy6yoEaq3w=",
        "last_login": null,
        "is_superuser": false,
        "username": "magalie.claudel",
        "first_name": "Magalie",
        "last_name": "Claudel",
        "email": "claudel@domaine.fr",
        "is_staff": false,
        "is_active": true,
        "date_joined": "2020-03-30T12:22:26.625Z",
        "highschool": null,
        "destruction_date": null,
        "validation_string": null,
        "recovery_string": null,
        "groups": [
            2
        ],
        "user_permissions": [],
        "components": []
    }
},
{
    "model": "core.immersionuser",
    "pk": 100,
    "fields": {
        "password": "pbkdf2_sha256$150000$wmcSCImSlxrT$D9r0x9B2zlVIZTYiS1z+CFw/UCKmQKRiWLy6yoEaq3w=",
        "last_login": null,
        "is_superuser": false,
        "username": "j.menard",
        "first_name": "Julie",
        "last_name": "Menard",
        "email": "menard@domaine.fr",
        "is_staff": false,
        "is_active": true,
        "date_joined": "2020-03-30T12:25:44Z",
        "highschool": null,
        "destruction_date": null,
        "validation_string": null,
        "recovery_string": null,
        "groups": [
            6
        ],
        "user_permissions": [],
        "components": []
    }
},
{
    "model": "core.immersionuser",
    "pk": 102,
    "fields": {
        "password": "pbkdf2_sha256$150000$wmcSCImSlxrT$D9r0x9B2zlVIZTYiS1z+CFw/UCKmQKRiWLy6yoEaq3w=",
        "last_login": "2020-04-01T10:46:30.684Z",
        "is_superuser": false,
        "username": "seb",
        "first_name": "Sebastien",
        "last_name": "Pierrard",
        "email": "s.pierrard@domaine.fr",
        "is_staff": false,
        "is_active": true,
        "date_joined": "2020-04-01T10:45:35Z",
        "highschool": null,
        "destruction_date": null,
        "validation_string": null,
        "recovery_string": null,
        "groups": [
            6
        ],
        "user_permissions": [],
        "components": []
    }
},
{
    "model": "core.immersionuser",
    "pk": 103,
    "fields": {
        "password": "pbkdf2_sha256$150000$wmcSCImSlxrT$D9r0x9B2zlVIZTYiS1z+CFw/UCKmQKRiWLy6yoEaq3w=",
        "last_login": null,
        "is_superuser": false,
        "username": "Test-art",
        "first_name": "TEST",
        "last_name": "ART",
        "email": "test-art@domaine.fr",
        "is_staff": false,
        "is_active": true,
        "date_joined": "2020-04-02T09:31:10Z",
        "highschool": null,
        "destruction_date": null,
        "validation_string": null,
        "recovery_string": null,
        "groups": [
            3
        ],
        "user_permissions": [],
        "components": [
            1
        ]
    }
},
{
    "model": "core.immersionuser",
    "pk": 104,
    "fields": {
        "password": "pbkdf2_sha256$150000$wmcSCImSlxrT$D9r0x9B2zlVIZTYiS1z+CFw/UCKmQKRiWLy6yoEaq3w=",
        "last_login": null,
        "is_superuser": false,
        "username": "wpichon",
        "first_name": "Walter",
        "last_name": "Pichon",
        "email": "wpicco@domaine.fr",
        "is_staff": false,
        "is_active": true,
        "date_joined": "2020-04-03T06:32:28.340Z",
        "highschool": null,
        "destruction_date": null,
        "validation_string": null,
        "recovery_string": null,
        "groups": [
            2
        ],
        "user_permissions": [],
        "components": []
    }
},
{
    "model": "core.immersionuser",
    "pk": 106,
    "fields": {
        "password": "pbkdf2_sha256$150000$wmcSCImSlxrT$D9r0x9B2zlVIZTYiS1z+CFw/UCKmQKRiWLy6yoEaq3w=",
        "last_login": null,
        "is_superuser": false,
        "username": "@EXTERNAL@_willy@gmail.com",
        "first_name": "Will",
        "last_name": "White",
        "email": "willy@gmail.com",
        "is_staff": false,
        "is_active": true,
        "date_joined": "2020-04-03T13:17:15.022Z",
        "highschool": null,
        "destruction_date": null,
        "validation_string": null,
        "recovery_string": null,
        "groups": [
            7
        ],
        "user_permissions": [],
        "components": []
    }
},
{
    "model": "core.immersionuser",
    "pk": 109,
    "fields": {
        "password": "pbkdf2_sha256$150000$wmcSCImSlxrT$D9r0x9B2zlVIZTYiS1z+CFw/UCKmQKRiWLy6yoEaq3w=",
        "last_login": null,
        "is_superuser": false,
        "username": "cboileau",
        "first_name": "Charoittey",
        "last_name": "Boileau",
        "email": "cboileau@domaine.fr",
        "is_staff": true,
        "is_active": true,
        "date_joined": "2020-04-06T08:39:27Z",
        "highschool": null,
        "destruction_date": null,
        "validation_string": null,
        "recovery_string": null,
        "groups": [
            1
        ],
        "user_permissions": [],
        "components": []
    }
},
{
    "model": "core.immersionuser",
    "pk": 110,
    "fields": {
        "password": "pbkdf2_sha256$150000$wmcSCImSlxrT$D9r0x9B2zlVIZTYiS1z+CFw/UCKmQKRiWLy6yoEaq3w=",
        "last_login": "2020-04-06T09:22:43.976Z",
        "is_superuser": false,
        "username": "@EXTERNAL@_pierrette@domaine.fr",
        "first_name": "Pierrette",
        "last_name": "Madeline",
        "email": "p.madeline@domaine.fr",
        "is_staff": false,
        "is_active": true,
        "date_joined": "2020-04-06T09:21:53.119Z",
        "highschool": null,
        "destruction_date": null,
        "validation_string": null,
        "recovery_string": null,
        "groups": [
            7
        ],
        "user_permissions": [],
        "components": []
    }
},
{
    "model": "core.immersionuser",
    "pk": 111,
    "fields": {
        "password": "pbkdf2_sha256$150000$wmcSCImSlxrT$D9r0x9B2zlVIZTYiS1z+CFw/UCKmQKRiWLy6yoEaq3w=",
        "last_login": "2020-04-19T19:57:50.461Z",
        "is_superuser": false,
        "username": "sylvain.bidon@domaine.fr",
        "first_name": "Sylvain",
        "last_name": "Bidon",
        "email": "sylvain.bidon@domaine.fr",
        "is_staff": false,
        "is_active": true,
        "date_joined": "2020-04-17T19:01:10.513Z",
        "highschool": null,
        "destruction_date": null,
        "validation_string": null,
        "recovery_string": null,
        "groups": [
            5
        ],
        "user_permissions": [],
        "components": []
    }
},
{
    "model": "core.immersionuser",
    "pk": 112,
    "fields": {
        "password": "pbkdf2_sha256$150000$wmcSCImSlxrT$D9r0x9B2zlVIZTYiS1z+CFw/UCKmQKRiWLy6yoEaq3w=",
        "last_login": "2020-04-24T11:56:42.532Z",
        "is_superuser": false,
        "username": "cboulet@domaine.fr",
        "first_name": "Christian",
        "last_name": "Boulet",
        "email": "cboulet@domaine.fr",
        "is_staff": false,
        "is_active": true,
        "date_joined": "2020-04-24T11:27:11.158Z",
        "highschool": null,
        "destruction_date": null,
        "validation_string": null,
        "recovery_string": null,
        "groups": [
            5
        ],
        "user_permissions": [],
        "components": []
    }
},
{
    "model": "core.immersionuser",
    "pk": 113,
    "fields": {
        "password": "pbkdf2_sha256$150000$wmcSCImSlxrT$D9r0x9B2zlVIZTYiS1z+CFw/UCKmQKRiWLy6yoEaq3w=",
        "last_login": "2020-04-24T12:42:11.717Z",
        "is_superuser": true,
        "username": "admin6",
        "first_name": "",
        "last_name": "",
        "email": "admin@domaine.fr",
        "is_staff": true,
        "is_active": true,
        "date_joined": "2020-04-24T12:42:08.249Z",
        "highschool": null,
        "destruction_date": null,
        "validation_string": null,
        "recovery_string": null,
        "groups": [],
        "user_permissions": [],
        "components": []
    }
},
{
    "model": "core.course",
    "pk": 1,
    "fields": {
        "label": "Alg\u00e8bre 1",
        "training": 3,
        "component": 2,
        "published": true,
        "url": null,
        "teachers": [
            19,
            22,
            18
        ]
    }
},
{
    "model": "core.course",
    "pk": 2,
    "fields": {
        "label": "Analyse S1",
        "training": 2,
        "component": 2,
        "published": true,
        "url": "http://www.unistra.fr/index.php?id=27885&tx_unistrarof_pi1%5Brof-program%5D=ME257&tx_unistrarof_pi1%5Brof-course%5D=FRUAI0673021VCOEN898&cHash=811a70170e6d6e5dd3dde59aef66f3d2",
        "teachers": [
            22,
            23,
            18
        ]
    }
},
{
    "model": "core.course",
    "pk": 3,
    "fields": {
        "label": "Economie 3",
        "training": 7,
        "component": 6,
        "published": true,
        "url": null,
        "teachers": [
            24
        ]
    }
},
{
    "model": "core.course",
    "pk": 5,
    "fields": {
        "label": "Analyse 2",
        "training": 2,
        "component": 2,
        "published": true,
        "url": null,
        "teachers": [
            22,
            23
        ]
    }
},
{
    "model": "core.course",
    "pk": 8,
    "fields": {
        "label": "Histoire des arts",
        "training": 8,
        "component": 1,
        "published": true,
        "url": null,
        "teachers": [
            26
        ]
    }
},
{
    "model": "core.course",
    "pk": 9,
    "fields": {
        "label": "Algo_prog",
        "training": 7,
        "component": 2,
        "published": true,
        "url": null,
        "teachers": [
            27
        ]
    }
},
{
    "model": "core.course",
    "pk": 10,
    "fields": {
        "label": "Arts plastiques 2",
        "training": 8,
        "component": 1,
        "published": true,
        "url": null,
        "teachers": [
            57,
            28
        ]
    }
},
{
    "model": "core.course",
    "pk": 12,
    "fields": {
        "label": "Algorithmique",
        "training": 2,
        "component": 2,
        "published": true,
        "url": null,
        "teachers": [
            29
        ]
    }
},
{
    "model": "core.course",
    "pk": 14,
    "fields": {
        "label": "Algorithmique",
        "training": 3,
        "component": 2,
        "published": true,
        "url": null,
        "teachers": [
            29
        ]
    }
},
{
    "model": "core.course",
    "pk": 15,
    "fields": {
        "label": "Analyse S1",
        "training": 7,
        "component": 2,
        "published": true,
        "url": "http://www.unistra.fr/index.php?id=27885&tx_unistrarof_pi1%5Brof-program%5D=ME257&tx_unistrarof_pi1%5Brof-course%5D=FRUAI0673021VCOEN898&cHash=811a70170e6d6e5dd3dde59aef66f3d2",
        "teachers": [
            18
        ]
    }
},
{
    "model": "core.course",
    "pk": 16,
    "fields": {
        "label": "Algorithmique 3",
        "training": 3,
        "component": 2,
        "published": true,
        "url": null,
        "teachers": [
            18
        ]
    }
},
{
    "model": "core.course",
    "pk": 17,
    "fields": {
        "label": "Economie 2",
        "training": 7,
        "component": 6,
        "published": true,
        "url": null,
        "teachers": [
            32
        ]
    }
},
{
    "model": "core.course",
    "pk": 18,
    "fields": {
        "label": "Arts du spectacle",
        "training": 8,
        "component": 1,
        "published": true,
        "url": null,
        "teachers": [
            58
        ]
    }
},
{
    "model": "core.course",
    "pk": 19,
    "fields": {
        "label": "Arts plastiques",
        "training": 8,
        "component": 1,
        "published": true,
        "url": null,
        "teachers": [
            49,
            76
        ]
    }
},
{
    "model": "core.course",
    "pk": 20,
    "fields": {
        "label": "Design th\u00e9orie",
        "training": 8,
        "component": 1,
        "published": true,
        "url": null,
        "teachers": [
            50
        ]
    }
},
{
    "model": "core.course",
    "pk": 21,
    "fields": {
        "label": "cours test 1",
        "training": 8,
        "component": 1,
        "published": true,
        "url": null,
        "teachers": [
            60
        ]
    }
},
{
    "model": "core.course",
    "pk": 22,
    "fields": {
        "label": "Test",
        "training": 7,
        "component": 6,
        "published": false,
        "url": null,
        "teachers": [
            55
        ]
    }
},
{
    "model": "core.course",
    "pk": 23,
    "fields": {
        "label": "Organisation",
        "training": 7,
        "component": 2,
        "published": true,
        "url": null,
        "teachers": [
            24
        ]
    }
},
{
    "model": "core.course",
    "pk": 24,
    "fields": {
        "label": "Th\u00e9atre d\u00e9butant",
        "training": 9,
        "component": 1,
        "published": true,
        "url": null,
        "teachers": [
            70,
            71
        ]
    }
},
{
    "model": "core.course",
    "pk": 25,
    "fields": {
        "label": "Th\u00e9atre",
        "training": 9,
        "component": 1,
        "published": true,
        "url": "http://www.unistra.fr/index.php?id=27885&tx_unistrarof_pi1%5Brof-program%5D=ME29&tx_unistrarof_pi1%5Brof-course%5D=FRUAI0673021VCOEN1435&cHash=0b290824df287062c6020d9f1c3bbd39",
        "teachers": [
            72
        ]
    }
},
{
    "model": "core.course",
    "pk": 26,
    "fields": {
        "label": "Th\u00e9atre 2",
        "training": 9,
        "component": 1,
        "published": true,
        "url": "http://www.unistra.fr/index.php?id=27885&tx_unistrarof_pi1%5Brof-program%5D=ME29&tx_unistrarof_pi1%5Brof-course%5D=FRUAI0673021VCOEN1435&cHash=0b290824df287062c6020d9f1c3bbd39",
        "teachers": [
            72
        ]
    }
},
{
    "model": "core.course",
    "pk": 27,
    "fields": {
        "label": "Anglais pour informatique",
        "training": 3,
        "component": 2,
        "published": true,
        "url": null,
        "teachers": [
            77
        ]
    }
},
{
    "model": "core.course",
    "pk": 28,
    "fields": {
        "label": "Developpement Web",
        "training": 6,
        "component": 7,
        "published": true,
        "url": null,
        "teachers": [
            18,
            78
        ]
    }
},
{
    "model": "core.course",
    "pk": 29,
    "fields": {
        "label": "Pratiques sportives",
        "training": 10,
        "component": 3,
        "published": true,
        "url": null,
        "teachers": [
            98,
            99
        ]
    }
},
{
    "model": "core.course",
    "pk": 30,
    "fields": {
        "label": "Ergonomie du mouvement",
        "training": 10,
        "component": 3,
        "published": true,
        "url": null,
        "teachers": [
            104
        ]
    }
},
{
    "model": "core.slot",
    "pk": 3,
    "fields": {
        "course": 15,
        "course_type": 3,
        "campus": 1,
        "building": 5,
        "room": "Amphi 1",
        "date": "2020-10-15",
        "start_time": "08:00:00",
        "end_time": "15:00:00",
        "n_places": 5,
        "additional_information": null,
        "published": false,
        "teachers": [
            18
        ]
    }
},
{
    "model": "core.slot",
    "pk": 4,
    "fields": {
        "course": 3,
        "course_type": 1,
        "campus": 1,
        "building": 5,
        "room": "Amphi 1",
        "date": "2020-11-13",
        "start_time": "08:00:00",
        "end_time": "11:00:00",
        "n_places": 10,
        "additional_information": null,
        "published": true,
        "teachers": [
            24
        ]
    }
},
{
    "model": "core.slot",
    "pk": 5,
    "fields": {
        "course": 3,
        "course_type": 3,
        "campus": 1,
        "building": 5,
        "room": "test",
        "date": "2020-04-10",
        "start_time": "16:00:00",
        "end_time": "18:00:00",
        "n_places": 4,
        "additional_information": null,
        "published": true,
        "teachers": [
            24
        ]
    }
},
{
    "model": "core.slot",
    "pk": 7,
    "fields": {
        "course": 3,
        "course_type": 8,
        "campus": 6,
        "building": 6,
        "room": "Rendez de chauss",
        "date": "2021-02-26",
        "start_time": "15:00:00",
        "end_time": "17:00:00",
        "n_places": 8,
        "additional_information": null,
        "published": true,
        "teachers": [
            24
        ]
    }
},
{
    "model": "core.slot",
    "pk": 9,
    "fields": {
        "course": 10,
        "course_type": 1,
        "campus": 5,
        "building": 2,
        "room": "102",
        "date": "2020-04-16",
        "start_time": "10:00:00",
        "end_time": "12:00:00",
        "n_places": 24,
        "additional_information": "Hello",
        "published": true,
        "teachers": [
            57
        ]
    }
},
{
    "model": "core.slot",
    "pk": 10,
    "fields": {
        "course": 5,
        "course_type": 1,
        "campus": 1,
        "building": 3,
        "room": "dans le hall",
        "date": "2020-03-11",
        "start_time": "08:00:00",
        "end_time": "10:00:00",
        "n_places": 10,
        "additional_information": null,
        "published": true,
        "teachers": [
            22
        ]
    }
},
{
    "model": "core.slot",
    "pk": 12,
    "fields": {
        "course": 19,
        "course_type": 1,
        "campus": 1,
        "building": 10,
        "room": "5201",
        "date": "2020-03-24",
        "start_time": "16:15:00",
        "end_time": "18:15:00",
        "n_places": 5,
        "additional_information": null,
        "published": true,
        "teachers": [
            49
        ]
    }
},
{
    "model": "core.slot",
    "pk": 13,
    "fields": {
        "course": 8,
        "course_type": 3,
        "campus": 1,
        "building": 10,
        "room": "5340",
        "date": "2021-01-14",
        "start_time": "16:15:00",
        "end_time": "18:15:00",
        "n_places": 0,
        "additional_information": null,
        "published": true,
        "teachers": [
            26
        ]
    }
},
{
    "model": "core.slot",
    "pk": 14,
    "fields": {
        "course": 20,
        "course_type": 3,
        "campus": 6,
        "building": 8,
        "room": "dans le hall",
        "date": "2021-02-24",
        "start_time": "16:00:00",
        "end_time": "18:00:00",
        "n_places": 5,
        "additional_information": null,
        "published": true,
        "teachers": [
            50
        ]
    }
},
{
    "model": "core.slot",
    "pk": 15,
    "fields": {
        "course": 21,
        "course_type": 3,
        "campus": 6,
        "building": 6,
        "room": "Aula 2",
        "date": "2020-11-10",
        "start_time": "10:00:00",
        "end_time": "11:00:00",
        "n_places": 4,
        "additional_information": null,
        "published": true,
        "teachers": [
            60
        ]
    }
},
{
    "model": "core.slot",
    "pk": 16,
    "fields": {
        "course": 23,
        "course_type": 3,
        "campus": 3,
        "building": 12,
        "room": "Accueil",
        "date": "2020-04-09",
        "start_time": "10:00:00",
        "end_time": "12:00:00",
        "n_places": 5,
        "additional_information": null,
        "published": true,
        "teachers": [
            24
        ]
    }
},
{
    "model": "core.slot",
    "pk": 19,
    "fields": {
        "course": 19,
        "course_type": 3,
        "campus": 5,
        "building": 9,
        "room": "Hall d'accueil",
        "date": "2020-04-29",
        "start_time": "10:15:00",
        "end_time": "11:30:00",
        "n_places": 5,
        "additional_information": "Prendre des peintures",
        "published": true,
        "teachers": [
            49
        ]
    }
},
{
    "model": "core.slot",
    "pk": 20,
    "fields": {
        "course": 15,
        "course_type": 1,
        "campus": 1,
        "building": 12,
        "room": "105",
        "date": "2020-10-15",
        "start_time": "10:20:00",
        "end_time": "12:20:00",
        "n_places": 19,
        "additional_information": "qsd",
        "published": true,
        "teachers": [
            18
        ]
    }
},
{
    "model": "core.slot",
    "pk": 22,
    "fields": {
        "course": 18,
        "course_type": 1,
        "campus": 1,
        "building": 3,
        "room": "A2",
        "date": "2020-04-01",
        "start_time": "10:00:00",
        "end_time": "12:00:00",
        "n_places": 5,
        "additional_information": "Avec toute votre bonne humeur",
        "published": true,
        "teachers": [
            58
        ]
    }
},
{
    "model": "core.slot",
    "pk": 23,
    "fields": {
        "course": 20,
        "course_type": 3,
        "campus": 6,
        "building": 8,
        "room": "dans le hall",
        "date": "2021-02-24",
        "start_time": "16:00:00",
        "end_time": "17:00:00",
        "n_places": 5,
        "additional_information": null,
        "published": true,
        "teachers": [
            50
        ]
    }
},
{
    "model": "core.slot",
    "pk": 24,
    "fields": {
        "course": 20,
        "course_type": 3,
        "campus": 6,
        "building": 8,
        "room": "dans le hall",
        "date": "2021-02-24",
        "start_time": "16:00:00",
        "end_time": "17:00:00",
        "n_places": 5,
        "additional_information": null,
        "published": true,
        "teachers": [
            50
        ]
    }
},
{
    "model": "core.slot",
    "pk": 25,
    "fields": {
        "course": 3,
        "course_type": 3,
        "campus": 1,
        "building": 3,
        "room": "test",
        "date": "2021-05-13",
        "start_time": "14:00:00",
        "end_time": "15:00:00",
        "n_places": 0,
        "additional_information": "Prendre une blouse",
        "published": true,
        "teachers": [
            24
        ]
    }
},
{
    "model": "core.slot",
    "pk": 28,
    "fields": {
        "course": 12,
        "course_type": 3,
        "campus": 1,
        "building": 10,
        "room": "test",
        "date": "2020-10-17",
        "start_time": "14:00:00",
        "end_time": "15:00:00",
        "n_places": 29,
        "additional_information": "Prendre une blouse",
        "published": true,
        "teachers": [
            29
        ]
    }
},
{
    "model": "core.slot",
    "pk": 31,
    "fields": {
        "course": 12,
        "course_type": 1,
        "campus": 1,
        "building": 10,
        "room": "test",
        "date": "2020-03-10",
        "start_time": "18:00:00",
        "end_time": "19:00:00",
        "n_places": 13,
        "additional_information": "Prendre une blouse",
        "published": true,
        "teachers": [
            29
        ]
    }
},
{
    "model": "core.slot",
    "pk": 32,
    "fields": {
        "course": 19,
        "course_type": 1,
        "campus": 1,
        "building": 10,
        "room": "5201",
        "date": "2020-03-26",
        "start_time": "16:15:00",
        "end_time": "17:15:00",
        "n_places": 5,
        "additional_information": null,
        "published": true,
        "teachers": [
            49
        ]
    }
},
{
    "model": "core.slot",
    "pk": 33,
    "fields": {
        "course": 10,
        "course_type": 1,
        "campus": 1,
        "building": 10,
        "room": "5201",
        "date": "2020-04-09",
        "start_time": "16:15:00",
        "end_time": "18:15:00",
        "n_places": 5,
        "additional_information": null,
        "published": true,
        "teachers": [
            57,
            28
        ]
    }
},
{
    "model": "core.slot",
    "pk": 36,
    "fields": {
        "course": 8,
        "course_type": 3,
        "campus": 1,
        "building": 10,
        "room": "5340",
        "date": "2021-02-14",
        "start_time": "16:15:00",
        "end_time": "18:15:00",
        "n_places": 0,
        "additional_information": null,
        "published": true,
        "teachers": [
            26
        ]
    }
},
{
    "model": "core.slot",
    "pk": 39,
    "fields": {
        "course": 1,
        "course_type": 1,
        "campus": 1,
        "building": 3,
        "room": "dans le hall",
        "date": "2020-03-11",
        "start_time": "10:00:00",
        "end_time": "12:00:00",
        "n_places": 10,
        "additional_information": null,
        "published": false,
        "teachers": [
            19,
            22
        ]
    }
},
{
    "model": "core.slot",
    "pk": 40,
    "fields": {
        "course": 1,
        "course_type": 1,
        "campus": 1,
        "building": 11,
        "room": "Dans le hall",
        "date": "2020-03-11",
        "start_time": "10:00:00",
        "end_time": "12:00:00",
        "n_places": 5,
        "additional_information": null,
        "published": true,
        "teachers": [
            19
        ]
    }
},
{
    "model": "core.slot",
    "pk": 41,
    "fields": {
        "course": 5,
        "course_type": 1,
        "campus": 1,
        "building": 3,
        "room": "dans le hall",
        "date": "2020-03-16",
        "start_time": "08:00:00",
        "end_time": "10:00:00",
        "n_places": 20,
        "additional_information": null,
        "published": true,
        "teachers": [
            22
        ]
    }
},
{
    "model": "core.slot",
    "pk": 45,
    "fields": {
        "course": 3,
        "course_type": 3,
        "campus": 1,
        "building": 3,
        "room": "test",
        "date": "2021-03-13",
        "start_time": "14:00:00",
        "end_time": "15:00:00",
        "n_places": 5,
        "additional_information": "Prendre une blouse",
        "published": true,
        "teachers": [
            24
        ]
    }
},
{
    "model": "core.slot",
    "pk": 46,
    "fields": {
        "course": 3,
        "course_type": 1,
        "campus": 1,
        "building": 3,
        "room": "test 2",
        "date": "2021-03-14",
        "start_time": "14:00:00",
        "end_time": "15:00:00",
        "n_places": 6,
        "additional_information": "Prendre une blouse",
        "published": true,
        "teachers": [
            24
        ]
    }
},
{
    "model": "core.slot",
    "pk": 47,
    "fields": {
        "course": 23,
        "course_type": 3,
        "campus": 3,
        "building": 12,
        "room": "Accueil",
        "date": "2020-04-15",
        "start_time": "10:00:00",
        "end_time": "12:00:00",
        "n_places": 5,
        "additional_information": null,
        "published": true,
        "teachers": [
            24
        ]
    }
},
{
    "model": "core.slot",
    "pk": 48,
    "fields": {
        "course": 3,
        "course_type": 1,
        "campus": 1,
        "building": 3,
        "room": "test",
        "date": "2021-05-13",
        "start_time": "14:00:00",
        "end_time": "15:00:00",
        "n_places": 0,
        "additional_information": "Prendre une blouse",
        "published": false,
        "teachers": [
            24
        ]
    }
},
{
    "model": "core.slot",
    "pk": 49,
    "fields": {
        "course": 1,
        "course_type": 1,
        "campus": 1,
        "building": 3,
        "room": "dans le hall",
        "date": "2020-03-08",
        "start_time": "10:00:00",
        "end_time": "12:00:00",
        "n_places": 10,
        "additional_information": null,
        "published": false,
        "teachers": [
            19,
            22,
            18
        ]
    }
},
{
    "model": "core.slot",
    "pk": 50,
    "fields": {
        "course": 17,
        "course_type": 8,
        "campus": 1,
        "building": 11,
        "room": "salle 3",
        "date": "2020-12-22",
        "start_time": "08:00:00",
        "end_time": "10:00:00",
        "n_places": 8,
        "additional_information": null,
        "published": true,
        "teachers": [
            32
        ]
    }
},
{
    "model": "core.slot",
    "pk": 51,
    "fields": {
        "course": 24,
        "course_type": 3,
        "campus": 1,
        "building": 10,
        "room": "Evolution",
        "date": "2020-04-02",
        "start_time": "10:15:00",
        "end_time": "12:15:00",
        "n_places": 10,
        "additional_information": null,
        "published": true,
        "teachers": [
            70
        ]
    }
},
{
    "model": "core.slot",
    "pk": 52,
    "fields": {
        "course": 1,
        "course_type": 3,
        "campus": 1,
        "building": 3,
        "room": "Test",
        "date": "2020-04-10",
        "start_time": "08:00:00",
        "end_time": "09:00:00",
        "n_places": 10,
        "additional_information": null,
        "published": true,
        "teachers": [
            22
        ]
    }
},
{
    "model": "core.slot",
    "pk": 53,
    "fields": {
        "course": 12,
        "course_type": 3,
        "campus": 1,
        "building": 3,
        "room": "Test",
        "date": "2020-03-20",
        "start_time": "10:00:00",
        "end_time": "11:00:00",
        "n_places": 5,
        "additional_information": null,
        "published": true,
        "teachers": [
            29
        ]
    }
},
{
    "model": "core.slot",
    "pk": 55,
    "fields": {
        "course": 24,
        "course_type": 3,
        "campus": 6,
        "building": 8,
        "room": "A2",
        "date": "2021-04-16",
        "start_time": "14:00:00",
        "end_time": "17:00:00",
        "n_places": 6,
        "additional_information": null,
        "published": true,
        "teachers": [
            70
        ]
    }
},
{
    "model": "core.slot",
    "pk": 59,
    "fields": {
        "course": 2,
        "course_type": 3,
        "campus": 3,
        "building": 13,
        "room": "Rendez dans le hall",
        "date": "2021-04-14",
        "start_time": "10:00:00",
        "end_time": "12:00:00",
        "n_places": 10,
        "additional_information": null,
        "published": true,
        "teachers": [
            23,
            18
        ]
    }
},
{
    "model": "core.slot",
    "pk": 60,
    "fields": {
        "course": 14,
        "course_type": 3,
        "campus": 1,
        "building": 3,
        "room": "AT5",
        "date": "2020-11-09",
        "start_time": "14:00:00",
        "end_time": "16:00:00",
        "n_places": 5,
        "additional_information": null,
        "published": true,
        "teachers": [
            29
        ]
    }
},
{
    "model": "core.slot",
    "pk": 61,
    "fields": {
        "course": 26,
        "course_type": 4,
        "campus": 1,
        "building": 3,
        "room": "Test",
        "date": "2020-04-02",
        "start_time": "10:00:00",
        "end_time": "14:00:00",
        "n_places": 5,
        "additional_information": null,
        "published": true,
        "teachers": [
            72
        ]
    }
},
{
    "model": "core.slot",
    "pk": 62,
    "fields": {
        "course": 25,
        "course_type": 3,
        "campus": 1,
        "building": 3,
        "room": "Test",
        "date": "2020-11-05",
        "start_time": "08:00:00",
        "end_time": "10:00:00",
        "n_places": 5,
        "additional_information": null,
        "published": false,
        "teachers": [
            72
        ]
    }
},
{
    "model": "core.slot",
    "pk": 63,
    "fields": {
        "course": 14,
        "course_type": 3,
        "campus": 1,
        "building": 3,
        "room": "AT5",
        "date": "2020-11-02",
        "start_time": "10:00:00",
        "end_time": "12:00:00",
        "n_places": 5,
        "additional_information": null,
        "published": true,
        "teachers": [
            29
        ]
    }
},
{
    "model": "core.slot",
    "pk": 64,
    "fields": {
        "course": 14,
        "course_type": 1,
        "campus": 1,
        "building": 3,
        "room": "AT5",
        "date": "2020-03-25",
        "start_time": "14:00:00",
        "end_time": "16:00:00",
        "n_places": 5,
        "additional_information": null,
        "published": true,
        "teachers": [
            29
        ]
    }
},
{
    "model": "core.slot",
    "pk": 65,
    "fields": {
        "course": 22,
        "course_type": 3,
        "campus": 1,
        "building": 3,
        "room": "Test",
        "date": "2020-11-12",
        "start_time": "08:00:00",
        "end_time": "10:00:00",
        "n_places": 0,
        "additional_information": null,
        "published": true,
        "teachers": [
            55
        ]
    }
},
{
    "model": "core.slot",
    "pk": 66,
    "fields": {
        "course": 18,
        "course_type": 4,
        "campus": 1,
        "building": 3,
        "room": "sdf",
        "date": "2020-04-14",
        "start_time": "10:00:00",
        "end_time": "12:00:00",
        "n_places": 10,
        "additional_information": null,
        "published": true,
        "teachers": [
            58
        ]
    }
},
{
    "model": "core.slot",
    "pk": 67,
    "fields": {
        "course": 28,
        "course_type": 3,
        "campus": 3,
        "building": 12,
        "room": "Hall",
        "date": "2020-11-16",
        "start_time": "14:00:00",
        "end_time": "18:00:00",
        "n_places": 8,
        "additional_information": null,
        "published": true,
        "teachers": [
            18
        ]
    }
},
{
    "model": "core.slot",
    "pk": 68,
    "fields": {
        "course": 25,
        "course_type": 3,
        "campus": 1,
        "building": 3,
        "room": "Test",
        "date": "2020-03-23",
        "start_time": "08:00:00",
        "end_time": "10:00:00",
        "n_places": 5,
        "additional_information": null,
        "published": true,
        "teachers": [
            72
        ]
    }
},
{
    "model": "core.slot",
    "pk": 69,
    "fields": {
        "course": 3,
        "course_type": 1,
        "campus": 1,
        "building": 5,
        "room": "Amphi 1",
        "date": "2020-11-16",
        "start_time": "08:00:00",
        "end_time": "11:00:00",
        "n_places": 10,
        "additional_information": null,
        "published": true,
        "teachers": [
            24
        ]
    }
},
{
    "model": "core.slot",
    "pk": 70,
    "fields": {
        "course": 25,
        "course_type": 4,
        "campus": 1,
        "building": 11,
        "room": "D113",
        "date": "2020-04-23",
        "start_time": "15:00:00",
        "end_time": "17:00:00",
        "n_places": 3,
        "additional_information": null,
        "published": true,
        "teachers": [
            72
        ]
    }
},
{
    "model": "core.slot",
    "pk": 71,
    "fields": {
        "course": 22,
        "course_type": null,
        "campus": null,
        "building": null,
        "room": null,
        "date": null,
        "start_time": null,
        "end_time": null,
        "n_places": 0,
        "additional_information": null,
        "published": false,
        "teachers": []
    }
},
{
    "model": "core.slot",
    "pk": 72,
    "fields": {
        "course": 1,
        "course_type": 1,
        "campus": 1,
        "building": 11,
        "room": "Dans le hall",
        "date": "2020-03-26",
        "start_time": "10:00:00",
        "end_time": "12:00:00",
        "n_places": 4,
        "additional_information": null,
        "published": true,
        "teachers": [
            22
        ]
    }
},
{
    "model": "core.slot",
    "pk": 73,
    "fields": {
        "course": 26,
        "course_type": 3,
        "campus": 5,
        "building": 9,
        "room": "D65",
        "date": "2020-03-28",
        "start_time": "10:00:00",
        "end_time": "12:00:00",
        "n_places": 5,
        "additional_information": null,
        "published": true,
        "teachers": [
            72
        ]
    }
},
{
    "model": "core.slot",
    "pk": 74,
    "fields": {
        "course": 29,
        "course_type": 3,
        "campus": 1,
        "building": 10,
        "room": "terrain de foot",
        "date": "2020-03-31",
        "start_time": "15:00:00",
        "end_time": "17:00:00",
        "n_places": 0,
        "additional_information": null,
        "published": true,
        "teachers": [
            98
        ]
    }
},
{
    "model": "core.slot",
    "pk": 75,
    "fields": {
        "course": 25,
        "course_type": 4,
        "campus": 1,
        "building": 11,
        "room": "D113",
        "date": "2020-04-01",
        "start_time": "15:00:00",
        "end_time": "17:00:00",
        "n_places": 2,
        "additional_information": null,
        "published": true,
        "teachers": [
            72
        ]
    }
},
{
    "model": "core.slot",
    "pk": 76,
    "fields": {
        "course": 29,
        "course_type": 3,
        "campus": 5,
        "building": 2,
        "room": "Hall",
        "date": "2020-04-15",
        "start_time": "08:00:00",
        "end_time": "10:00:00",
        "n_places": 10,
        "additional_information": null,
        "published": true,
        "teachers": [
            99
        ]
    }
},
{
    "model": "core.slot",
    "pk": 77,
    "fields": {
        "course": 30,
        "course_type": 1,
        "campus": 1,
        "building": 10,
        "room": "1502",
        "date": "2020-04-15",
        "start_time": "10:00:00",
        "end_time": "11:00:00",
        "n_places": 3,
        "additional_information": null,
        "published": true,
        "teachers": [
            104
        ]
    }
},
{
    "model": "core.slot",
    "pk": 78,
    "fields": {
        "course": 26,
        "course_type": 3,
        "campus": 5,
        "building": 9,
        "room": "C45",
        "date": "2020-04-23",
        "start_time": "10:00:00",
        "end_time": "12:00:00",
        "n_places": 4,
        "additional_information": null,
        "published": true,
        "teachers": [
            72
        ]
    }
},
{
    "model": "core.slot",
    "pk": 79,
    "fields": {
        "course": 5,
        "course_type": 1,
        "campus": 1,
        "building": 3,
        "room": "dans le hall",
        "date": "2020-04-16",
        "start_time": "08:00:00",
        "end_time": "10:00:00",
        "n_places": 10,
        "additional_information": null,
        "published": true,
        "teachers": [
            22
        ]
    }
},
{
    "model": "core.slot",
    "pk": 80,
    "fields": {
        "course": 29,
        "course_type": 3,
        "campus": 5,
        "building": 2,
        "room": "Hall",
        "date": "2020-04-27",
        "start_time": "08:00:00",
        "end_time": "10:00:00",
        "n_places": 10,
        "additional_information": null,
        "published": true,
        "teachers": [
            99
        ]
    }
},
{
    "model": "core.slot",
    "pk": 81,
    "fields": {
        "course": 30,
        "course_type": 1,
        "campus": 1,
        "building": 10,
        "room": "1502",
        "date": "2020-04-28",
        "start_time": "10:00:00",
        "end_time": "11:00:00",
        "n_places": 3,
        "additional_information": null,
        "published": true,
        "teachers": [
            104
        ]
    }
},
{
    "model": "core.slot",
    "pk": 82,
    "fields": {
        "course": 23,
        "course_type": 3,
        "campus": 3,
        "building": 12,
        "room": "Accueil",
        "date": "2020-04-29",
        "start_time": "10:00:00",
        "end_time": "12:00:00",
        "n_places": 5,
        "additional_information": null,
        "published": true,
        "teachers": [
            24
        ]
    }
},
{
    "model": "core.immersion",
    "pk": 1,
    "fields": {
        "student": 73,
        "slot": 22,
        "cancellation_type": null,
        "attendance_status": 0,
        "survey_email_sent": true
    }
},
{
    "model": "core.immersion",
    "pk": 2,
    "fields": {
        "student": 73,
        "slot": 12,
        "cancellation_type": null,
        "attendance_status": 2,
        "survey_email_sent": true
    }
},
{
    "model": "core.immersion",
    "pk": 3,
    "fields": {
        "student": 63,
        "slot": 53,
        "cancellation_type": null,
        "attendance_status": 1,
        "survey_email_sent": true
    }
},
{
    "model": "core.immersion",
    "pk": 5,
    "fields": {
        "student": 47,
        "slot": 22,
        "cancellation_type": null,
        "attendance_status": 0,
        "survey_email_sent": true
    }
},
{
    "model": "core.immersion",
    "pk": 6,
    "fields": {
        "student": 47,
        "slot": 12,
        "cancellation_type": null,
        "attendance_status": 2,
        "survey_email_sent": true
    }
},
{
    "model": "core.immersion",
    "pk": 7,
    "fields": {
        "student": 47,
        "slot": 53,
        "cancellation_type": null,
        "attendance_status": 2,
        "survey_email_sent": true
    }
},
{
    "model": "core.immersion",
    "pk": 9,
    "fields": {
        "student": 46,
        "slot": 66,
        "cancellation_type": null,
        "attendance_status": 2,
        "survey_email_sent": false
    }
},
{
    "model": "core.immersion",
    "pk": 10,
    "fields": {
        "student": 46,
        "slot": 12,
        "cancellation_type": null,
        "attendance_status": 2,
        "survey_email_sent": true
    }
},
{
    "model": "core.immersion",
    "pk": 11,
    "fields": {
        "student": 46,
        "slot": 53,
        "cancellation_type": null,
        "attendance_status": 1,
        "survey_email_sent": true
    }
},
{
    "model": "core.immersion",
    "pk": 17,
    "fields": {
        "student": 63,
        "slot": 12,
        "cancellation_type": 1,
        "attendance_status": 0,
        "survey_email_sent": false
    }
},
{
    "model": "core.immersion",
    "pk": 18,
    "fields": {
        "student": 67,
        "slot": 12,
        "cancellation_type": null,
        "attendance_status": 2,
        "survey_email_sent": true
    }
},
{
    "model": "core.immersion",
    "pk": 19,
    "fields": {
        "student": 74,
        "slot": 12,
        "cancellation_type": 1,
        "attendance_status": 0,
        "survey_email_sent": false
    }
},
{
    "model": "core.immersion",
    "pk": 20,
    "fields": {
        "student": 88,
        "slot": 12,
        "cancellation_type": 5,
        "attendance_status": 0,
        "survey_email_sent": false
    }
},
{
    "model": "core.immersion",
    "pk": 21,
    "fields": {
        "student": 73,
        "slot": 67,
        "cancellation_type": null,
        "attendance_status": 0,
        "survey_email_sent": false
    }
},
{
    "model": "core.immersion",
    "pk": 22,
    "fields": {
        "student": 63,
        "slot": 67,
        "cancellation_type": 1,
        "attendance_status": 0,
        "survey_email_sent": false
    }
},
{
    "model": "core.immersion",
    "pk": 23,
    "fields": {
        "student": 47,
        "slot": 67,
        "cancellation_type": null,
        "attendance_status": 0,
        "survey_email_sent": false
    }
},
{
    "model": "core.immersion",
    "pk": 24,
    "fields": {
        "student": 74,
        "slot": 67,
        "cancellation_type": 1,
        "attendance_status": 0,
        "survey_email_sent": false
    }
},
{
    "model": "core.immersion",
    "pk": 25,
    "fields": {
        "student": 67,
        "slot": 67,
        "cancellation_type": null,
        "attendance_status": 0,
        "survey_email_sent": false
    }
},
{
    "model": "core.immersion",
    "pk": 26,
    "fields": {
        "student": 88,
        "slot": 67,
        "cancellation_type": null,
        "attendance_status": 0,
        "survey_email_sent": false
    }
},
{
    "model": "core.immersion",
    "pk": 27,
    "fields": {
        "student": 46,
        "slot": 67,
        "cancellation_type": null,
        "attendance_status": 0,
        "survey_email_sent": false
    }
},
{
    "model": "core.immersion",
    "pk": 29,
    "fields": {
        "student": 63,
        "slot": 32,
        "cancellation_type": null,
        "attendance_status": 1,
        "survey_email_sent": true
    }
},
{
    "model": "core.immersion",
    "pk": 30,
    "fields": {
        "student": 73,
        "slot": 51,
        "cancellation_type": null,
        "attendance_status": 0,
        "survey_email_sent": true
    }
},
{
    "model": "core.immersion",
    "pk": 31,
    "fields": {
        "student": 46,
        "slot": 51,
        "cancellation_type": null,
        "attendance_status": 0,
        "survey_email_sent": true
    }
},
{
    "model": "core.immersion",
    "pk": 32,
    "fields": {
        "student": 67,
        "slot": 51,
        "cancellation_type": null,
        "attendance_status": 0,
        "survey_email_sent": true
    }
},
{
    "model": "core.immersion",
    "pk": 33,
    "fields": {
        "student": 88,
        "slot": 39,
        "cancellation_type": null,
        "attendance_status": 1,
        "survey_email_sent": true
    }
},
{
    "model": "core.immersion",
    "pk": 35,
    "fields": {
        "student": 63,
        "slot": 39,
        "cancellation_type": 5,
        "attendance_status": 2,
        "survey_email_sent": false
    }
},
{
    "model": "core.immersion",
    "pk": 36,
    "fields": {
        "student": 73,
        "slot": 39,
        "cancellation_type": null,
        "attendance_status": 1,
        "survey_email_sent": true
    }
},
{
    "model": "core.immersion",
    "pk": 37,
    "fields": {
        "student": 47,
        "slot": 51,
        "cancellation_type": 4,
        "attendance_status": 0,
        "survey_email_sent": false
    }
},
{
    "model": "core.immersion",
    "pk": 38,
    "fields": {
        "student": 67,
        "slot": 68,
        "cancellation_type": null,
        "attendance_status": 2,
        "survey_email_sent": true
    }
},
{
    "model": "core.immersion",
    "pk": 39,
    "fields": {
        "student": 73,
        "slot": 68,
        "cancellation_type": null,
        "attendance_status": 2,
        "survey_email_sent": true
    }
},
{
    "model": "core.immersion",
    "pk": 40,
    "fields": {
        "student": 63,
        "slot": 68,
        "cancellation_type": null,
        "attendance_status": 1,
        "survey_email_sent": true
    }
},
{
    "model": "core.immersion",
    "pk": 41,
    "fields": {
        "student": 74,
        "slot": 52,
        "cancellation_type": 1,
        "attendance_status": 0,
        "survey_email_sent": false
    }
},
{
    "model": "core.immersion",
    "pk": 42,
    "fields": {
        "student": 63,
        "slot": 55,
        "cancellation_type": null,
        "attendance_status": 0,
        "survey_email_sent": false
    }
},
{
    "model": "core.immersion",
    "pk": 44,
    "fields": {
        "student": 67,
        "slot": 52,
        "cancellation_type": null,
        "attendance_status": 0,
        "survey_email_sent": false
    }
},
{
    "model": "core.immersion",
    "pk": 45,
    "fields": {
        "student": 46,
        "slot": 39,
        "cancellation_type": null,
        "attendance_status": 2,
        "survey_email_sent": true
    }
},
{
    "model": "core.immersion",
    "pk": 46,
    "fields": {
        "student": 47,
        "slot": 39,
        "cancellation_type": null,
        "attendance_status": 2,
        "survey_email_sent": true
    }
},
{
    "model": "core.immersion",
    "pk": 47,
    "fields": {
        "student": 67,
        "slot": 47,
        "cancellation_type": null,
        "attendance_status": 0,
        "survey_email_sent": false
    }
},
{
    "model": "core.immersion",
    "pk": 50,
    "fields": {
        "student": 73,
        "slot": 52,
        "cancellation_type": 2,
        "attendance_status": 0,
        "survey_email_sent": false
    }
},
{
    "model": "core.immersion",
    "pk": 51,
    "fields": {
        "student": 97,
        "slot": 33,
        "cancellation_type": null,
        "attendance_status": 0,
        "survey_email_sent": false
    }
},
{
    "model": "core.immersion",
    "pk": 52,
    "fields": {
        "student": 67,
        "slot": 16,
        "cancellation_type": null,
        "attendance_status": 0,
        "survey_email_sent": false
    }
},
{
    "model": "core.immersion",
    "pk": 53,
    "fields": {
        "student": 73,
        "slot": 5,
        "cancellation_type": null,
        "attendance_status": 2,
        "survey_email_sent": false
    }
},
{
    "model": "core.immersion",
    "pk": 59,
    "fields": {
        "student": 63,
        "slot": 59,
        "cancellation_type": null,
        "attendance_status": 0,
        "survey_email_sent": false
    }
},
{
    "model": "core.immersion",
    "pk": 60,
    "fields": {
        "student": 95,
        "slot": 55,
        "cancellation_type": 1,
        "attendance_status": 0,
        "survey_email_sent": false
    }
},
{
    "model": "core.immersion",
    "pk": 61,
    "fields": {
        "student": 73,
        "slot": 55,
        "cancellation_type": null,
        "attendance_status": 0,
        "survey_email_sent": false
    }
},
{
    "model": "core.immersion",
    "pk": 63,
    "fields": {
        "student": 73,
        "slot": 3,
        "cancellation_type": null,
        "attendance_status": 0,
        "survey_email_sent": false
    }
},
{
    "model": "core.immersion",
    "pk": 64,
    "fields": {
        "student": 73,
        "slot": 77,
        "cancellation_type": null,
        "attendance_status": 0,
        "survey_email_sent": false
    }
},
{
    "model": "core.immersion",
    "pk": 65,
    "fields": {
        "student": 67,
        "slot": 77,
        "cancellation_type": null,
        "attendance_status": 0,
        "survey_email_sent": false
    }
},
{
    "model": "core.immersion",
    "pk": 66,
    "fields": {
        "student": 47,
        "slot": 77,
        "cancellation_type": null,
        "attendance_status": 0,
        "survey_email_sent": false
    }
},
{
    "model": "core.immersion",
    "pk": 69,
    "fields": {
        "student": 73,
        "slot": 15,
        "cancellation_type": null,
        "attendance_status": 0,
        "survey_email_sent": false
    }
},
{
    "model": "core.immersion",
    "pk": 70,
    "fields": {
        "student": 63,
        "slot": 15,
        "cancellation_type": null,
        "attendance_status": 0,
        "survey_email_sent": false
    }
},
{
    "model": "core.immersion",
    "pk": 71,
    "fields": {
        "student": 88,
        "slot": 70,
        "cancellation_type": null,
        "attendance_status": 0,
        "survey_email_sent": false
    }
},
{
    "model": "core.immersion",
    "pk": 72,
    "fields": {
        "student": 47,
        "slot": 70,
        "cancellation_type": null,
        "attendance_status": 0,
        "survey_email_sent": false
    }
},
{
    "model": "core.immersion",
    "pk": 74,
    "fields": {
        "student": 46,
        "slot": 78,
        "cancellation_type": null,
        "attendance_status": 0,
        "survey_email_sent": false
    }
},
{
    "model": "core.immersion",
    "pk": 75,
    "fields": {
        "student": 106,
        "slot": 70,
        "cancellation_type": null,
        "attendance_status": 0,
        "survey_email_sent": false
    }
},
{
    "model": "core.immersion",
    "pk": 76,
    "fields": {
        "student": 106,
        "slot": 15,
        "cancellation_type": null,
        "attendance_status": 0,
        "survey_email_sent": false
    }
},
{
    "model": "core.immersion",
    "pk": 77,
    "fields": {
        "student": 63,
        "slot": 4,
        "cancellation_type": null,
        "attendance_status": 0,
        "survey_email_sent": false
    }
},
{
    "model": "core.immersion",
    "pk": 78,
    "fields": {
        "student": 112,
        "slot": 20,
        "cancellation_type": null,
        "attendance_status": 0,
        "survey_email_sent": false
    }
},
{
    "model": "immersion.highschoolstudentrecord",
    "pk": 1,
    "fields": {
        "student": 46,
        "highschool": 5,
        "birth_date": "1990-02-19",
        "civility": 2,
        "phone": null,
        "level": 1,
        "class_name": "1\u00e8reS7",
        "bachelor_type": 1,
        "technological_bachelor_mention": null,
        "professional_bachelor_mention": "",
        "post_bachelor_level": 2,
        "origin_bachelor_type": 1,
        "current_diploma": null,
        "visible_immersion_registrations": false,
        "visible_email": false,
        "allowed_global_registrations": null,
        "allowed_first_semester_registrations": 6,
        "allowed_second_semester_registrations": 5,
        "validation": 2,
        "duplicates": null,
        "general_bachelor_teachings": [
            4,
            7
        ]
    }
},
{
    "model": "immersion.highschoolstudentrecord",
    "pk": 2,
    "fields": {
        "student": 47,
        "highschool": 3,
        "birth_date": "1998-04-16",
        "civility": 2,
        "phone": null,
        "level": 3,
        "class_name": "BTS3",
        "bachelor_type": 1,
        "technological_bachelor_mention": null,
        "professional_bachelor_mention": "",
        "post_bachelor_level": 3,
        "origin_bachelor_type": 3,
        "current_diploma": "BTSA1 - management et gestion",
        "visible_immersion_registrations": true,
        "visible_email": true,
        "allowed_global_registrations": null,
        "allowed_first_semester_registrations": 7,
        "allowed_second_semester_registrations": 7,
        "validation": 2,
        "duplicates": null,
        "general_bachelor_teachings": []
    }
},
{
    "model": "immersion.highschoolstudentrecord",
    "pk": 3,
    "fields": {
        "student": 63,
        "highschool": 2,
        "birth_date": "1990-01-10",
        "civility": 1,
        "phone": null,
        "level": 2,
        "class_name": "Terminale 5",
        "bachelor_type": 1,
        "technological_bachelor_mention": null,
        "professional_bachelor_mention": "",
        "post_bachelor_level": 2,
        "origin_bachelor_type": 2,
        "current_diploma": null,
        "visible_immersion_registrations": false,
        "visible_email": false,
        "allowed_global_registrations": null,
        "allowed_first_semester_registrations": 5,
        "allowed_second_semester_registrations": 5,
        "validation": 2,
        "duplicates": null,
        "general_bachelor_teachings": [
            8,
            15,
            16
        ]
    }
},
{
    "model": "immersion.highschoolstudentrecord",
    "pk": 5,
    "fields": {
        "student": 67,
        "highschool": 2,
        "birth_date": "2002-01-18",
        "civility": 1,
        "phone": null,
        "level": 2,
        "class_name": "T6",
        "bachelor_type": 2,
        "technological_bachelor_mention": 2,
        "professional_bachelor_mention": "",
        "post_bachelor_level": 1,
        "origin_bachelor_type": 1,
        "current_diploma": null,
        "visible_immersion_registrations": false,
        "visible_email": false,
        "allowed_global_registrations": null,
        "allowed_first_semester_registrations": 5,
        "allowed_second_semester_registrations": 5,
        "validation": 2,
        "duplicates": null,
        "general_bachelor_teachings": []
    }
},
{
    "model": "immersion.highschoolstudentrecord",
    "pk": 6,
    "fields": {
        "student": 73,
        "highschool": 2,
        "birth_date": "2002-01-10",
        "civility": 1,
        "phone": null,
        "level": 1,
        "class_name": "1ere7",
        "bachelor_type": 1,
        "technological_bachelor_mention": null,
        "professional_bachelor_mention": "",
        "post_bachelor_level": 2,
        "origin_bachelor_type": 1,
        "current_diploma": null,
        "visible_immersion_registrations": false,
        "visible_email": false,
        "allowed_global_registrations": null,
        "allowed_first_semester_registrations": 9,
        "allowed_second_semester_registrations": 5,
        "validation": 2,
        "duplicates": null,
        "general_bachelor_teachings": [
            8,
            15,
            16
        ]
    }
},
{
    "model": "immersion.highschoolstudentrecord",
    "pk": 7,
    "fields": {
        "student": 74,
        "highschool": 6,
        "birth_date": "2002-01-10",
        "civility": 1,
        "phone": null,
        "level": 1,
        "class_name": "PS3",
        "bachelor_type": 1,
        "technological_bachelor_mention": null,
        "professional_bachelor_mention": "",
        "post_bachelor_level": 1,
        "origin_bachelor_type": 1,
        "current_diploma": null,
        "visible_immersion_registrations": false,
        "visible_email": false,
        "allowed_global_registrations": 4,
        "allowed_first_semester_registrations": 5,
        "allowed_second_semester_registrations": 5,
        "validation": 2,
        "duplicates": null,
        "general_bachelor_teachings": [
            7,
            10,
            15
        ]
    }
},
{
    "model": "immersion.highschoolstudentrecord",
    "pk": 8,
    "fields": {
        "student": 88,
        "highschool": 5,
        "birth_date": "1990-01-25",
        "civility": 2,
        "phone": null,
        "level": 2,
        "class_name": "T7",
        "bachelor_type": 1,
        "technological_bachelor_mention": null,
        "professional_bachelor_mention": "",
        "post_bachelor_level": 1,
        "origin_bachelor_type": 1,
        "current_diploma": null,
        "visible_immersion_registrations": true,
        "visible_email": false,
        "allowed_global_registrations": 4,
        "allowed_first_semester_registrations": 3,
        "allowed_second_semester_registrations": 2,
        "validation": 2,
        "duplicates": null,
        "general_bachelor_teachings": [
            7,
            13,
            14
        ]
    }
},
{
    "model": "immersion.highschoolstudentrecord",
    "pk": 10,
    "fields": {
        "student": 97,
        "highschool": 5,
        "birth_date": "2003-01-22",
        "civility": 1,
        "phone": null,
        "level": 2,
        "class_name": "T5",
        "bachelor_type": 1,
        "technological_bachelor_mention": null,
        "professional_bachelor_mention": "",
        "post_bachelor_level": 1,
        "origin_bachelor_type": 1,
        "current_diploma": null,
        "visible_immersion_registrations": true,
        "visible_email": true,
        "allowed_global_registrations": 4,
        "allowed_first_semester_registrations": 5,
        "allowed_second_semester_registrations": 5,
        "validation": 2,
        "duplicates": null,
        "general_bachelor_teachings": [
            4,
            7,
            16
        ]
    }
},
{
    "model": "immersion.highschoolstudentrecord",
    "pk": 12,
    "fields": {
        "student": 106,
        "highschool": 2,
        "birth_date": "2002-01-10",
        "civility": 1,
        "phone": null,
        "level": 1,
        "class_name": "1ere4",
        "bachelor_type": 1,
        "technological_bachelor_mention": null,
        "professional_bachelor_mention": "",
        "post_bachelor_level": 1,
        "origin_bachelor_type": 1,
        "current_diploma": null,
        "visible_immersion_registrations": true,
        "visible_email": false,
        "allowed_global_registrations": 4,
        "allowed_first_semester_registrations": 5,
        "allowed_second_semester_registrations": 5,
        "validation": 2,
        "duplicates": null,
        "general_bachelor_teachings": [
            4,
            8,
            16
        ]
    }
},
{
    "model": "immersion.highschoolstudentrecord",
    "pk": 13,
    "fields": {
        "student": 110,
        "highschool": 5,
        "birth_date": "1990-01-25",
        "civility": 2,
        "phone": null,
        "level": 3,
        "class_name": "BTS2",
        "bachelor_type": 1,
        "technological_bachelor_mention": null,
        "professional_bachelor_mention": "",
        "post_bachelor_level": 2,
        "origin_bachelor_type": 1,
        "current_diploma": null,
        "visible_immersion_registrations": false,
        "visible_email": false,
        "allowed_global_registrations": 4,
        "allowed_first_semester_registrations": 5,
        "allowed_second_semester_registrations": 5,
        "validation": 2,
        "duplicates": null,
        "general_bachelor_teachings": []
    }
},
{
    "model": "immersion.highschoolstudentrecord",
    "pk": 14,
    "fields": {
        "student": 95,
        "highschool": 2,
        "birth_date": "2003-01-17",
        "civility": 1,
        "phone": null,
        "level": 1,
        "class_name": "1\u00e8re6",
        "bachelor_type": 1,
        "technological_bachelor_mention": null,
        "professional_bachelor_mention": "",
        "post_bachelor_level": 1,
        "origin_bachelor_type": 1,
        "current_diploma": null,
        "visible_immersion_registrations": true,
        "visible_email": false,
        "allowed_global_registrations": 4,
        "allowed_first_semester_registrations": 5,
        "allowed_second_semester_registrations": 5,
        "validation": 2,
        "duplicates": null,
        "general_bachelor_teachings": [
            2,
            9,
            10
        ]
    }
},
{
    "model": "immersion.studentrecord",
    "pk": 4,
    "fields": {
        "student": 112,
        "uai_code": "0673021V",
        "civility": 1,
        "birth_date": "1998-11-12",
        "phone": null,
        "level": 1,
        "origin_bachelor_type": 1,
        "current_diploma": null,
        "allowed_global_registrations": 4,
        "allowed_first_semester_registrations": 5,
        "allowed_second_semester_registrations": 5
    }
}
]
